20170715;0.08;0.09103;0.08;0.09099;194200000000
20170716;0.09099;0.0937;0.08713;0.08764;401300000000
20170717;0.08751;0.08764;0.07559;0.08224;890400000000
20170718;0.08237;0.08839;0.0817;0.08754;665100000000
20170719;0.08783;0.10907;0.08478;0.10773;724600000000
20170720;0.10773;0.10873;0.08429;0.08685;738500000000
20170721;0.08714;0.09525;0.07498;0.08051;639500000000
20170722;0.08038;0.08751;0.07963;0.08158;743400000000
20170723;0.08159;0.08473;0.07986;0.08247;798000000000
20170724;0.08231;0.08456;0.08142;0.08353;634100000000
20170725;0.08344;0.08397;0.08227;0.08316;738000000000
20170726;0.08315;0.08315;0.07548;0.07965;784500000000
20170727;0.07968;0.08117;0.07761;0.07989;749700000000
20170728;0.07981;0.08187;0.07706;0.07745;831100000000
20170729;0.07706;0.07786;0.06683;0.0688;1101400000000
20170730;0.0688;0.07681;0.06434;0.07577;1430500000000
20170731;0.07601;0.07668;0.06988;0.07011;1299000000000
20170801;0.07041;0.07334;0.06759;0.07248;1202900000000
20170802;0.07246;0.08526;0.07237;0.08357;1362300000000
20170803;0.08357;0.08497;0.07963;0.08016;1367900000000
20170804;0.08017;0.08379;0.07828;0.07896;1138900000000
20170805;0.07896;0.08071;0.07633;0.07647;1252400000000
20170806;0.07656;0.07932;0.07132;0.07916;1234800000000
20170807;0.07916;0.08315;0.07851;0.08103;1306900000000
20170808;0.08103;0.08248;0.07955;0.08117;1366800000000
20170809;0.08117;0.08744;0.078;0.0853;1488600000000
20170810;0.08533;0.09358;0.08037;0.08316;1550400000000
20170811;0.0833;0.09092;0.08249;0.08447;1648400000000
20170812;0.08461;0.08718;0.08317;0.08494;1801800000000
20170813;0.08495;0.0876;0.08001;0.08016;1521100000000
20170814;0.08018;0.08046;0.06801;0.07382;2095600000000
20170815;0.07385;0.07991;0.06853;0.0709;2850900000000
20170816;0.0709;0.0752;0.06616;0.06939;2888900000000
20170817;0.06939;0.07667;0.06831;0.06974;2203500000000
20170818;0.06974;0.07225;0.06808;0.07048;2400200000000
20170819;0.07048;0.073;0.06957;0.07143;2986200000000
20170820;0.07119;0.07374;0.06992;0.07004;1991900000000
20170821;0.07035;0.073;0.069;0.0722;2253000000000
20170822;0.0722;0.08866;0.07151;0.08052;4828300000000
20170823;0.08069;0.0845;0.07001;0.07683;4266000000000
20170824;0.07679;0.07969;0.07416;0.07706;4166100000000
20170825;0.07706;0.07865;0.07457;0.07534;4443100000000
20170826;0.0753;0.0779;0.07474;0.07659;3569000000000
20170827;0.07659;0.07871;0.07527;0.07665;3147600000000
20170828;0.07665;0.0826;0.07538;0.08044;3694900000000
20170829;0.08065;0.08188;0.0785;0.07963;2874600000000
20170830;0.07963;0.0844;0.07904;0.08155;3257400000000
20170831;0.08155;0.08508;0.08078;0.0842;3076600000000
20170901;0.08403;0.0842;0.0816;0.08197;2652100000000
20170902;0.08197;0.08441;0.08002;0.08085;2809800000000
20170903;0.08085;0.08274;0.07386;0.0764;3250300000000
20170904;0.0764;0.07886;0.07374;0.07594;4210300000000
20170905;0.07603;0.07607;0.065;0.07032;5041400000000
20170906;0.07028;0.07215;0.06566;0.07179;4167300000000
20170907;0.07179;0.07387;0.07095;0.07282;3471100000000
20170908;0.07282;0.07299;0.065;0.0716;1605800000000
20170909;0.0716;0.07251;0.06555;0.07025;2224200000000
20170910;0.07025;0.07168;0.06803;0.07015;859800000000
20170911;0.0701;0.0711;0.06818;0.07013;787400000000
20170912;0.0706;0.072;0.06875;0.07063;746100000000
20170913;0.0706;0.07278;0.068;0.0706;1450600000000
20170914;0.07076;0.0715;0.06736;0.07147;757300000000
20170915;0.0714;0.07151;0.0671;0.06877;1138800000000
20170916;0.06805;0.071;0.065;0.06951;1077000000000
20170917;0.06952;0.07004;0.06674;0.06831;824700000000
20170918;0.06837;0.07049;0.06723;0.06985;419400000000
20170919;0.06985;0.07591;0.06961;0.0731;584600000000
20170920;0.07304;0.07352;0.0718;0.07253;890000000000
20170921;0.07245;0.0734;0.0718;0.07334;1679400000000
20170922;0.07334;0.0738;0.07057;0.07141;2458400000000
20170923;0.07141;0.07296;0.071;0.07296;2435100000000
20170924;0.07287;0.07569;0.07196;0.07556;2302800000000
20170925;0.07556;0.078;0.0754;0.07712;2877700000000
20170926;0.07718;0.0773;0.07453;0.07517;3454900000000
20170927;0.07517;0.07595;0.07339;0.07449;3567000000000
20170928;0.07449;0.07473;0.07198;0.07344;4426300000000
20170929;0.07347;0.0737;0.07151;0.07251;5247600000000
20170930;0.07251;0.07259;0.06902;0.07091;4057900000000
20171001;0.07088;0.0733;0.0694;0.07006;3714100000000
20171002;0.07018;0.07148;0.06811;0.0691;3869300000000
20171003;0.0691;0.0693;0.0665;0.06866;4064800000000
20171004;0.06829;0.06902;0.06681;0.06802;3721900000000
20171005;0.06775;0.07063;0.06748;0.06925;3453600000000
20171006;0.06915;0.07022;0.06767;0.06851;2787200000000
20171007;0.06851;0.07106;0.06798;0.07099;3166800000000
20171008;0.07078;0.07224;0.06973;0.07036;2881200000000
20171009;0.07026;0.07062;0.06655;0.06705;3599900000000
20171010;0.06696;0.06746;0.05852;0.06215;4646500000000
20171011;0.06232;0.0665;0.05996;0.06304;4420900000000
20171012;0.06305;0.06412;0.06165;0.06306;3090300000000
20171013;0.06306;0.0635;0.05575;0.05576;3921700000000
20171014;0.05576;0.0625;0.05108;0.06002;5897700000000
20171015;0.06002;0.0621;0.05743;0.05868;2699200000000
20171016;0.05868;0.061;0.05741;0.05928;2856700000000
20171017;0.05911;0.06217;0.05772;0.05829;3315000000000
20171018;0.05803;0.06035;0.05584;0.05661;2498800000000
20171019;0.05661;0.05734;0.0554;0.05616;2776500000000
20171020;0.0563;0.05653;0.0532;0.05389;2633000000000
20171021;0.05389;0.0545;0.04955;0.05051;3340400000000
20171022;0.0505;0.05123;0.04705;0.04995;2971200000000
20171023;0.04995;0.0516;0.0489;0.04897;2411100000000
20171024;0.04934;0.04938;0.04718;0.04784;3358100000000
20171025;0.04785;0.056;0.04718;0.05371;4372400000000
20171026;0.05371;0.05415;0.05157;0.05179;2637700000000
20171027;0.05179;0.05239;0.04951;0.05009;2383900000000
20171028;0.05031;0.05185;0.0495;0.05132;2482300000000
20171029;0.05132;0.05186;0.05045;0.05115;2271300000000
20171030;0.0512;0.05396;0.04845;0.04965;3292700000000
20171031;0.04936;0.0512;0.04936;0.0499;2801000000000
20171101;0.04998;0.05058;0.04681;0.047;3192400000000
20171102;0.047;0.04769;0.0423;0.04277;4420400000000
20171103;0.0428;0.04318;0.03759;0.04029;6011700000000
20171104;0.04049;0.04395;0.0394;0.04267;4803200000000
20171105;0.04266;0.04308;0.03975;0.04057;3472700000000
20171106;0.04054;0.04098;0.03882;0.04015;3443300000000
20171107;0.04014;0.0435;0.03986;0.04264;4409500000000
20171108;0.04264;0.04293;0.0405;0.04105;4176900000000
20171109;0.04113;0.04619;0.0385;0.04142;7438200000000
20171110;0.0416;0.04625;0.04129;0.04487;6022200000000
20171111;0.04497;0.04669;0.04321;0.04555;6360400000000
20171112;0.04518;0.05148;0.04409;0.04965;6627100000000
20171113;0.04958;0.054;0.0452;0.05204;19838000000000
20171114;0.05209;0.05466;0.04638;0.04842;8387100000000
20171115;0.04833;0.0525;0.04727;0.0511;8405800000000
20171116;0.05099;0.05106;0.045;0.04553;6391600000000
20171117;0.04553;0.0465;0.041;0.04201;8556800000000
20171118;0.042;0.04374;0.04091;0.0429;8099700000000
20171119;0.04315;0.045;0.0426;0.04462;7964200000000
20171120;0.04467;0.04884;0.04282;0.04397;9436100000000
20171121;0.04397;0.04561;0.04367;0.04471;10130600000000
20171122;0.04471;0.04639;0.044;0.04467;9949700000000
20171123;0.04467;0.04677;0.0441;0.04635;12087200000000
20171124;0.04632;0.05236;0.04575;0.05075;15493100000000
20171125;0.05084;0.0585;0.04785;0.05765;14389200000000
20171126;0.05765;0.0594;0.05275;0.05275;10510400000000
20171127;0.0528;0.05291;0.0478;0.0507;10626100000000
20171128;0.0507;0.0512;0.04841;0.0489;10302400000000
20171129;0.0489;0.04948;0.04614;0.04704;10688200000000
20171130;0.04699;0.04789;0.04294;0.04341;17881500000000
20171201;0.04337;0.0446;0.0425;0.04365;12864400000000
20171202;0.04368;0.04433;0.04228;0.0424;8300600000000
20171203;0.0424;0.0427;0.0416;0.04198;8921500000000
20171204;0.04194;0.04237;0.04042;0.04114;8852600000000
20171205;0.04115;0.04131;0.04007;0.04018;9893100000000
20171206;0.04018;0.04037;0.03831;0.03876;14424500000000
20171207;0.03872;0.03886;0.02941;0.0304;19723500000000
20171208;0.0304;0.03206;0.02425;0.02457;18962900000000
20171209;0.02456;0.032;0.02312;0.02786;18215800000000
20171210;0.02786;0.0349;0.02725;0.03131;17205500000000
20171211;0.03132;0.0329;0.02789;0.02869;14731900000000
20171212;0.02869;0.0312;0.02675;0.0307;16136500000000
20171213;0.0307;0.04;0.02977;0.038;34352800000000
20171214;0.038;0.04425;0.03605;0.04281;24584600000000
20171215;0.04281;0.0465;0.0396;0.04155;31312100000000
20171216;0.04155;0.04166;0.0335;0.03858;24216500000000
20171217;0.03858;0.0409;0.0348;0.03556;23100700000000
20171218;0.03556;0.0386;0.03553;0.03745;24329300000000
20171219;0.03734;0.04311;0.03699;0.04157;31788900000000
20171220;0.04153;0.047;0.04096;0.04621;31763900000000
20171221;0.04623;0.049;0.044;0.04827;31391500000000
20171222;0.04827;0.0517;0.0476;0.05063;33089800000000
20171223;0.05058;0.05149;0.04534;0.04761;36956900000000
20171224;0.0476;0.04902;0.0475;0.04814;28317000000000
20171225;0.04814;0.04925;0.0477;0.04879;25296800000000
20171226;0.04877;0.055;0.0487;0.05215;27286300000000
20171227;0.05206;0.0538;0.04628;0.04781;27185800000000
20171228;0.04781;0.049;0.0463;0.0478;23175600000000
20171229;0.0478;0.0517;0.04758;0.04985;25797000000000
20171230;0.04988;0.052;0.0495;0.05102;29945000000000
20171231;0.05102;0.0553;0.05;0.05513;38215400000000
20180101;0.05506;0.05545;0.05231;0.05359;31864300000000
20180102;0.05359;0.0572;0.0534;0.05637;31244100000000
20180103;0.05637;0.06627;0.05104;0.05826;49200700000000
20180104;0.0583;0.06421;0.05645;0.0626;46948700000000
20180105;0.0626;0.07;0.06012;0.06224;59599200000000
20180106;0.06245;0.06976;0.054;0.05658;71052700000000
20180107;0.05658;0.063;0.05555;0.05882;51147200000000
20180108;0.05882;0.06981;0.05869;0.06931;47130000000000
20180109;0.06932;0.07948;0.069;0.07601;54008000000000
20180110;0.07601;0.093;0.07596;0.08965;46645100000000
20180111;0.08966;0.101;0.08282;0.08388;49466800000000
20180112;0.08388;0.09222;0.08299;0.08597;37452500000000
20180113;0.08597;0.09202;0.085;0.09132;19362600000000
20180114;0.09132;0.10051;0.08985;0.09762;34379000000000
20180115;0.09769;0.1;0.09555;0.09986;24088300000000
20180116;0.09986;0.10122;0.0895;0.09412;25771400000000
20180117;0.0941;0.09576;0.081;0.09186;34324500000000
20180118;0.09184;0.09378;0.08346;0.09122;37377500000000
20180119;0.09122;0.093;0.08794;0.09062;32032400000000
20180120;0.09062;0.093;0.09;0.09008;23059600000000
20180121;0.09;0.09126;0.0879;0.09017;21046500000000
20180122;0.09016;0.0926;0.0892;0.091;17431200000000
20180123;0.091;0.09299;0.09052;0.09219;20091300000000
20180124;0.09228;0.0928;0.08928;0.09094;19652600000000
20180125;0.09094;0.09423;0.09034;0.09341;20891100000000
20180126;0.0935;0.09542;0.093;0.09429;12621400000000
20180127;0.09427;0.09693;0.09266;0.09483;17362900000000
20180128;0.09476;0.098;0.0945;0.09734;13316900000000
20180129;0.09743;0.10564;0.0971;0.10524;18071100000000
20180130;0.10524;0.10598;0.1033;0.10454;12926300000000
20180131;0.10463;0.108;0.1031;0.10608;13054800000000
20180201;0.10606;0.11088;0.10555;0.10945;9994100000000
20180202;0.10945;0.1238;0.10934;0.11318;23403800000000
20180203;0.11307;0.115;0.09688;0.1039;25033400000000
20180204;0.10398;0.1075;0.103;0.10552;11857700000000
20180205;0.10552;0.106;0.09875;0.10087;12297500000000
20180206;0.10087;0.10367;0.09563;0.10081;17102700000000
20180207;0.10079;0.10231;0.09443;0.1019;22228400000000
20180208;0.10177;0.10257;0.09904;0.09936;10610900000000
20180209;0.09931;0.10068;0.09885;0.1003;300900000000
20180210;0.10013;0.10155;0.09913;0.10103;7215000000000
20180211;0.10103;0.10115;0.0992;0.09968;14753300000000
20180212;0.09971;0.101;0.0993;0.10036;12626100000000
20180213;0.10039;0.10055;0.097;0.09737;11716700000000
20180214;0.09736;0.0988;0.09691;0.09855;11041400000000
20180215;0.09856;0.0987;0.096;0.09725;13692300000000
20180216;0.09723;0.09739;0.0911;0.0924;15501100000000
20180217;0.09235;0.0945;0.09134;0.09236;12609900000000
20180218;0.09239;0.09302;0.08766;0.08782;12236500000000
20180219;0.08784;0.08939;0.08613;0.0877;12843700000000
20180220;0.08773;0.0886;0.0834;0.08416;10509300000000
20180221;0.08416;0.08427;0.07083;0.07882;12262100000000
20180222;0.07883;0.0815;0.0781;0.08012;11665300000000
20180223;0.08013;0.08186;0.07953;0.08164;8913300000000
20180224;0.08167;0.08634;0.08159;0.08413;11951500000000
20180225;0.08413;0.0866;0.081;0.08604;7469000000000
20180226;0.08599;0.0886;0.08589;0.08786;7544200000000
20180227;0.08779;0.0898;0.0835;0.08406;11658300000000
20180228;0.08412;0.08589;0.08167;0.08234;10662200000000
20180301;0.08223;0.08778;0.08;0.08261;11544000000000
20180302;0.08267;0.083;0.0793;0.07972;10043700000000
20180303;0.07972;0.07997;0.07612;0.07751;9853100000000
20180304;0.07755;0.07782;0.0745;0.07473;9677300000000
20180305;0.07473;0.07757;0.0746;0.07528;7355600000000
20180306;0.07528;0.07565;0.07253;0.07387;8362400000000
20180307;0.07387;0.077;0.07381;0.07599;9174200000000
20180308;0.07599;0.07648;0.07247;0.0757;12710800000000
20180309;0.07578;0.0771;0.0745;0.07501;10225900000000
20180310;0.07501;0.07886;0.0745;0.07848;11903200000000
20180311;0.07848;0.07976;0.0772;0.0776;6332300000000
20180312;0.07766;0.07955;0.07489;0.07575;6497800000000
20180313;0.07567;0.07697;0.07432;0.07645;7859500000000
20180314;0.07645;0.07719;0.07485;0.07536;9607200000000
20180315;0.07536;0.07642;0.07336;0.07449;10489200000000
20180316;0.07449;0.07548;0.073;0.07387;11623100000000
20180317;0.07387;0.07459;0.07174;0.07248;10248900000000
20180318;0.07241;0.07356;0.06966;0.06991;8378600000000
20180319;0.06992;0.07;0.0618;0.06564;16922800000000
20180320;0.06564;0.06673;0.0631;0.06473;13541800000000
20180321;0.06469;0.06493;0.06192;0.0626;12968400000000
20180322;0.0626;0.06489;0.06;0.06302;14141700000000
20180323;0.06295;0.0637;0.061;0.06195;11508300000000
20180324;0.06195;0.063;0.06006;0.06103;15585600000000
20180325;0.06103;0.0614;0.0601;0.06095;13974300000000
20180326;0.061;0.06236;0.06053;0.06189;11463000000000
20180327;0.06189;0.06224;0.05924;0.05972;15811800000000
20180328;0.05966;0.06007;0.05656;0.05751;15861500000000
20180329;0.05751;0.05796;0.056;0.05613;13633400000000
20180330;0.05616;0.05652;0.054;0.05406;18820800000000
20180331;0.05406;0.05755;0.05406;0.05742;18079400000000
20180401;0.05742;0.05896;0.05639;0.05686;12389900000000
20180402;0.05686;0.05703;0.0551;0.05555;10561300000000
20180403;0.05554;0.0559;0.05429;0.05455;11210500000000
20180404;0.0545;0.05612;0.05381;0.05603;13627300000000
20180405;0.05599;0.05615;0.05367;0.05566;13894000000000
20180406;0.05566;0.05642;0.05538;0.05631;14476700000000
20180407;0.05629;0.05641;0.05535;0.05592;9395300000000
20180408;0.05586;0.0562;0.0551;0.05581;10266200000000
20180409;0.05581;0.05726;0.0555;0.05709;9975100000000
20180410;0.05709;0.06007;0.05699;0.05887;14671000000000
20180411;0.05887;0.0608;0.0584;0.06073;13330000000000
20180412;0.06078;0.0621;0.06024;0.06192;15323100000000
20180413;0.06192;0.06305;0.05929;0.06239;22297200000000
20180414;0.06245;0.06469;0.0618;0.06264;19468400000000
20180415;0.06264;0.06355;0.06164;0.06285;8988900000000
20180416;0.06279;0.06397;0.06226;0.06389;8497800000000
20180417;0.06396;0.06409;0.0629;0.06353;10601900000000
20180418;0.06346;0.0647;0.06287;0.06368;15061300000000
20180419;0.06368;0.06448;0.06326;0.06443;12312500000000
20180420;0.06443;0.06889;0.06394;0.06867;16617600000000
20180421;0.06867;0.07128;0.06749;0.06966;17954100000000
20180422;0.06958;0.06978;0.06533;0.06791;14606200000000
20180423;0.06784;0.07266;0.06562;0.07065;14784600000000
20180424;0.07065;0.07266;0.07054;0.07205;12551200000000
20180425;0.07205;0.07576;0.07165;0.07288;17155300000000
20180426;0.07289;0.07297;0.06669;0.06957;22192300000000
20180427;0.06958;0.072;0.06885;0.07135;15653500000000
20180428;0.0714;0.07356;0.07068;0.07208;13590500000000
20180429;0.07214;0.07386;0.07199;0.07317;12981700000000
20180430;0.07317;0.0736;0.0723;0.07332;14684400000000
20180501;0.07332;0.07512;0.07212;0.07254;16292200000000
20180502;0.07254;0.07463;0.07049;0.0741;14955400000000
20180503;0.0741;0.07522;0.07388;0.07446;13199300000000
20180504;0.07446;0.081;0.07437;0.07996;26150900000000
20180505;0.08;0.08319;0.07906;0.08086;19911500000000
20180506;0.08096;0.08333;0.08068;0.08308;13439100000000
20180507;0.08316;0.08467;0.08;0.0822;13174400000000
20180508;0.0822;0.0827;0.07595;0.0804;20414800000000
20180509;0.08045;0.08214;0.07905;0.08163;15303700000000
20180510;0.08154;0.08176;0.07915;0.08075;14703300000000
20180511;0.08075;0.0821;0.08016;0.0802;14941900000000
20180512;0.08023;0.08225;0.0783;0.08056;17536800000000
20180513;0.08056;0.0812;0.07752;0.08077;14009800000000
20180514;0.08085;0.08543;0.07999;0.084;13316600000000
20180515;0.084;0.0848;0.0825;0.084;14087600000000
20180516;0.084;0.08496;0.08241;0.08325;11965800000000
20180517;0.08332;0.08473;0.08245;0.0847;10770100000000
20180518;0.0847;0.0854;0.0827;0.08297;9341200000000
20180519;0.08297;0.08435;0.0827;0.08409;10432800000000
20180520;0.08418;0.08574;0.08325;0.08468;8791800000000
20180521;0.08468;0.0859;0.08385;0.08392;8834800000000
20180522;0.08392;0.08439;0.08241;0.08314;8756800000000
20180523;0.08314;0.084;0.08002;0.08042;11558500000000
20180524;0.08042;0.08107;0.07576;0.07705;16203500000000
20180525;0.07696;0.0795;0.0753;0.0794;13794100000000
20180526;0.07946;0.08091;0.07732;0.07851;12482000000000
20180527;0.07859;0.08026;0.07782;0.07996;9070700000000
20180528;0.07992;0.08039;0.07658;0.07771;9778200000000
20180529;0.07777;0.0779;0.0715;0.07214;14501700000000
20180530;0.07208;0.07649;0.07207;0.07594;12801100000000
20180531;0.07588;0.0775;0.07419;0.07559;12334800000000
20180601;0.07558;0.07744;0.07528;0.07722;11805500000000
20180602;0.07722;0.07775;0.07592;0.07698;12273200000000
20180603;0.07698;0.07812;0.07651;0.07735;11345800000000
20180604;0.07737;0.08086;0.07735;0.08023;10963900000000
20180605;0.0803;0.0808;0.07773;0.07892;12083200000000
20180606;0.079;0.0805;0.07769;0.0799;12050700000000
20180607;0.0799;0.0801;0.079;0.07923;10928200000000
20180608;0.07923;0.0797;0.07823;0.0787;10777100000000
20180609;0.0787;0.07929;0.07799;0.07875;9957000000000
20180610;0.07877;0.0795;0.0777;0.07911;8459900000000
20180611;0.07911;0.0795;0.0755;0.07754;12951000000000
20180612;0.07748;0.07895;0.075;0.0773;11156700000000
20180613;0.0773;0.0784;0.07441;0.07556;12456000000000
20180614;0.07556;0.07639;0.07225;0.07558;13336200000000
20180615;0.07558;0.0791;0.07271;0.07827;15076000000000
20180616;0.07828;0.07846;0.07463;0.07635;11229000000000
20180617;0.07635;0.0775;0.07588;0.07659;7676800000000
20180618;0.07659;0.07757;0.07646;0.07707;7213900000000
20180619;0.07706;0.07768;0.07635;0.07719;8601700000000
20180620;0.07718;0.08017;0.07692;0.07981;10129600000000
20180621;0.07985;0.07993;0.07848;0.07935;9064300000000
20180622;0.07936;0.08039;0.07785;0.07833;10201100000000
20180623;0.07833;0.07837;0.07508;0.07642;12220500000000
20180624;0.07647;0.07751;0.07564;0.07695;8369300000000
20180625;0.07695;0.07722;0.0727;0.07403;12285400000000
20180626;0.07403;0.07556;0.0728;0.0734;10244200000000
20180627;0.07346;0.07368;0.0707;0.07083;6254800000000
20180628;0.07083;0.07217;0.06996;0.07196;10271300000000
20180629;0.07194;0.07219;0.07065;0.07183;9465600000000
20180630;0.07183;0.07208;0.0691;0.07011;11375800000000
20180701;0.07011;0.07171;0.06993;0.07106;11693100000000
20180702;0.07106;0.07154;0.07056;0.07115;8923600000000
20180703;0.0712;0.07247;0.07061;0.07199;11728800000000
20180704;0.07194;0.07289;0.07063;0.07087;13966700000000
20180705;0.07094;0.07208;0.07058;0.07092;7779500000000
20180706;0.07099;0.0719;0.0707;0.07161;12094200000000
20180707;0.07165;0.07194;0.07001;0.07119;11630400000000
20180708;0.07119;0.0719;0.07014;0.0719;8107600000000
20180709;0.0719;0.0731;0.07165;0.07253;7726300000000
20180710;0.07255;0.0728;0.07058;0.07079;9056200000000
20180711;0.07079;0.07088;0.06753;0.06865;12334500000000
20180712;0.06865;0.06995;0.06756;0.06975;8964500000000
20180713;0.06975;0.07026;0.06854;0.069;8322700000000
20180714;0.06903;0.07052;0.06879;0.06953;8342700000000
20180715;0.06953;0.07002;0.06915;0.06932;6762600000000
20180716;0.06932;0.07115;0.06914;0.07075;6437800000000
20180717;0.07075;0.0719;0.07015;0.07126;9461100000000
20180718;0.07121;0.07148;0.068;0.06822;12940600000000
20180719;0.06818;0.06869;0.06448;0.06496;15790200000000
20180720;0.06496;0.06511;0.06237;0.0627;12129700000000
20180721;0.06275;0.06278;0.06037;0.06126;13058300000000
20180722;0.0612;0.06327;0.06089;0.06217;9825700000000
20180723;0.06217;0.06284;0.06145;0.06185;8462000000000
20180724;0.06185;0.06188;0.05795;0.05825;12315900000000
20180725;0.05827;0.05934;0.05651;0.05702;17090900000000
20180726;0.05705;0.05818;0.05678;0.05776;12335400000000
20180727;0.05773;0.05886;0.05757;0.05831;11032900000000
20180728;0.05831;0.05895;0.0567;0.05745;9891800000000
20180729;0.05745;0.05752;0.05669;0.05694;8041700000000
20180730;0.05699;0.0571;0.05655;0.05678;8311700000000
20180731;0.05679;0.05707;0.0555;0.05587;10215300000000
20180801;0.05586;0.05632;0.05436;0.05581;11827100000000
20180802;0.05582;0.05643;0.05446;0.05525;10670700000000
20180803;0.05525;0.05559;0.05414;0.05455;10266300000000
20180804;0.05455;0.0565;0.0542;0.05633;12564600000000
20180805;0.05634;0.0586;0.05577;0.05806;12032900000000
20180806;0.05806;0.05855;0.05766;0.05816;9095800000000
20180807;0.05816;0.0587;0.05766;0.0584;10317000000000
20180808;0.0584;0.05865;0.05527;0.05628;13132400000000
20180809;0.05628;0.05755;0.05545;0.05656;13572700000000
20180810;0.05656;0.05719;0.05541;0.05568;12104800000000
20180811;0.05563;0.05651;0.05364;0.05397;13965600000000
20180812;0.05403;0.05417;0.04967;0.051;17369500000000
20180813;0.05099;0.05158;0.05019;0.05038;11970800000000
20180814;0.05039;0.05053;0.045;0.0454;19348600000000
20180815;0.0454;0.04545;0.04194;0.04501;25570500000000
20180816;0.04501;0.04637;0.04421;0.04484;19906300000000
20180817;0.04488;0.0463;0.04457;0.04542;14343400000000
20180818;0.04542;0.0485;0.04526;0.04824;20265900000000
20180819;0.04824;0.04866;0.04479;0.04604;16310200000000
20180820;0.04604;0.04749;0.04555;0.0462;11665500000000
20180821;0.04622;0.04659;0.04285;0.04332;16292900000000
20180822;0.04327;0.0441;0.04185;0.0434;15414800000000
20180823;0.04338;0.04388;0.04144;0.04253;17627200000000
20180824;0.04253;0.04323;0.04193;0.04229;13871800000000
20180825;0.04229;0.04245;0.04154;0.04205;16859300000000
20180826;0.04202;0.04206;0.04106;0.04122;14110200000000
20180827;0.04124;0.04127;0.04061;0.04091;13822500000000
20180828;0.0409;0.04176;0.0407;0.04167;19329200000000
20180829;0.04167;0.0419;0.04075;0.04172;19399400000000
20180830;0.04175;0.04194;0.04085;0.04101;17627300000000
20180831;0.04101;0.04132;0.03991;0.04066;17996900000000
20180901;0.04066;0.041;0.03639;0.04014;19058200000000
20180902;0.04014;0.04171;0.04012;0.04105;17486900000000
20180903;0.04105;0.04142;0.04001;0.04049;15688400000000
20180904;0.04048;0.04052;0.03954;0.0398;17875100000000
20180905;0.0398;0.03995;0.03851;0.03876;18747800000000
20180906;0.03877;0.03893;0.03392;0.03411;34416800000000
20180907;0.0341;0.03586;0.03334;0.03528;35510600000000
20180908;0.03528;0.0359;0.03351;0.03363;26627700000000
20180909;0.03363;0.03683;0.03096;0.03183;27178100000000
20180910;0.03183;0.03249;0.03012;0.03136;30718400000000
20180911;0.03136;0.03211;0.02996;0.03122;28960500000000
20180912;0.03123;0.03144;0.02847;0.02943;30676800000000
20180913;0.02942;0.02943;0.02688;0.02892;40089900000000
20180914;0.0289;0.03299;0.02889;0.0325;40641900000000
20180915;0.0325;0.03409;0.03151;0.0322;34438300000000
20180916;0.03224;0.03472;0.03211;0.03406;21747800000000
20180917;0.03401;0.03432;0.03256;0.03386;21501500000000
20180918;0.03386;0.03443;0.03095;0.03138;28498300000000
20180919;0.03138;0.03364;0.03112;0.03289;24706100000000
20180920;0.03289;0.03375;0.03224;0.03282;21720300000000
20180921;0.03282;0.03484;0.03236;0.03452;23545500000000
20180922;0.03455;0.0372;0.0334;0.03666;40998400000000
20180923;0.03666;0.03751;0.03512;0.03585;22233500000000
20180924;0.03585;0.03682;0.0354;0.03646;17699600000000
20180925;0.03644;0.0366;0.0343;0.03463;19041400000000
20180926;0.03463;0.03467;0.03199;0.03406;29752700000000
20180927;0.03406;0.03414;0.03248;0.03315;23483500000000
20180928;0.03315;0.03473;0.03264;0.03425;21492700000000
20180929;0.03424;0.03457;0.03281;0.03345;23090300000000
20180930;0.03344;0.03599;0.03292;0.03508;24596900000000
20181001;0.03511;0.0359;0.0346;0.03518;18462500000000
20181002;0.03517;0.03538;0.03449;0.03502;16610100000000
20181003;0.03501;0.0351;0.03425;0.03456;16773800000000
20181004;0.03456;0.03463;0.03353;0.0339;17221600000000
20181005;0.0339;0.0343;0.03357;0.03378;16103700000000
20181006;0.03377;0.03479;0.03346;0.03441;18489300000000
20181007;0.0344;0.0345;0.03399;0.03414;13818400000000
20181008;0.03414;0.03432;0.03389;0.03423;12293000000000
20181009;0.03422;0.03465;0.034;0.03447;17338900000000
20181010;0.03448;0.03464;0.03422;0.03432;16257700000000
20181011;0.03432;0.03441;0.03407;0.03418;20418200000000
20181012;0.03418;0.03429;0.03048;0.03063;38128000000000
20181013;0.03063;0.03175;0.03061;0.03129;24172200000000
20181014;0.0313;0.03203;0.03125;0.03181;15062100000000
20181015;0.03181;0.03201;0.03086;0.03106;15808500000000
20181016;0.03105;0.03343;0.0308;0.03173;43630400000000
20181017;0.03176;0.03209;0.03136;0.03184;23207700000000
20181018;0.03184;0.03202;0.0314;0.0316;22194600000000
20181019;0.0316;0.03175;0.03092;0.03116;21679400000000
20181020;0.03116;0.03148;0.03104;0.03138;9528600000000
20181021;0.03139;0.03181;0.03129;0.03157;9509700000000
20181022;0.03158;0.03186;0.0314;0.03149;8382200000000
20181023;0.03149;0.0316;0.03127;0.03141;11446500000000
20181024;0.03141;0.03156;0.03106;0.03142;14889900000000
20181025;0.03142;0.03147;0.03115;0.03127;13106500000000
20181026;0.03127;0.03133;0.03104;0.03122;10474200000000
20181027;0.03122;0.0317;0.03112;0.03135;10927400000000
20181028;0.03135;0.03149;0.0313;0.03143;9875300000000
20181029;0.03142;0.03198;0.03135;0.03162;10330000000000
20181030;0.03162;0.0318;0.03083;0.03104;15206300000000
20181031;0.03104;0.03124;0.03092;0.03116;11978800000000
20181101;0.03117;0.03134;0.03085;0.03119;13203600000000
20181102;0.03119;0.03129;0.0311;0.03118;11515500000000
20181103;0.03118;0.03169;0.0311;0.03146;13395800000000
20181104;0.03146;0.03148;0.0313;0.03135;8446700000000
20181105;0.03135;0.03358;0.03126;0.0327;20176200000000
20181106;0.0327;0.03284;0.0322;0.03257;14372000000000
20181107;0.03256;0.03392;0.0324;0.03387;19503500000000
20181108;0.03387;0.03408;0.03318;0.03331;18565400000000
20181109;0.03331;0.03356;0.0328;0.03285;15500000000000
20181110;0.03285;0.03315;0.03263;0.03284;11403000000000
20181111;0.03285;0.03336;0.0328;0.03314;8454400000000
20181112;0.03314;0.03322;0.0328;0.03298;8644900000000
20181113;0.03298;0.03313;0.0328;0.03299;10384800000000
20181114;0.03299;0.03305;0.03235;0.03248;12418200000000
20181115;0.03248;0.03252;0.03003;0.03168;32214900000000
20181116;0.03168;0.03233;0.03127;0.03203;26059500000000
20181117;0.03203;0.0322;0.0312;0.03129;16027800000000
20181118;0.0313;0.0316;0.0311;0.03131;13424100000000
20181119;0.03131;0.03194;0.03126;0.0316;12089700000000
20181120;0.0316;0.03164;0.02904;0.03064;41182400000000
20181121;0.03065;0.03095;0.02875;0.02932;71297100000000
20181122;0.02932;0.03015;0.02876;0.02967;35329300000000
20181123;0.02965;0.02991;0.02889;0.02895;19306200000000
20181124;0.02894;0.0292;0.02797;0.02829;24405700000000
20181125;0.0283;0.02938;0.0281;0.02922;27007600000000
20181126;0.02922;0.02949;0.02786;0.02904;40429600000000
20181127;0.02904;0.0292;0.02828;0.02867;32027500000000
20181128;0.02866;0.02909;0.02777;0.02876;27744400000000
20181129;0.02875;0.0291;0.02791;0.02881;29582900000000
20181130;0.0288;0.02891;0.02737;0.02746;27476700000000
20181201;0.02746;0.02854;0.0273;0.02816;23276400000000
20181202;0.02816;0.02883;0.02782;0.02818;16773900000000
20181203;0.02818;0.02834;0.02788;0.02803;14725800000000
20181204;0.02803;0.02845;0.0277;0.02798;17428200000000
20181205;0.02799;0.02811;0.0277;0.02781;18379400000000
20181206;0.02781;0.0279;0.0272;0.02727;18757800000000
20181207;0.02727;0.02734;0.02554;0.02598;34730000000000
20181208;0.02595;0.02778;0.02463;0.02734;53045100000000
20181209;0.02734;0.02813;0.0255;0.02649;33274700000000
20181210;0.02648;0.027;0.02609;0.0263;21149000000000
20181211;0.02631;0.02645;0.02579;0.02618;17434000000000
20181212;0.02618;0.02653;0.02516;0.02596;17009200000000
20181213;0.02596;0.02636;0.02583;0.02595;16383000000000
20181214;0.02595;0.02654;0.02581;0.02615;20917000000000
20181215;0.02616;0.0263;0.02582;0.026;22896800000000
20181216;0.026;0.02616;0.02585;0.02608;15428800000000
20181217;0.02609;0.02675;0.02608;0.02623;13763600000000
20181218;0.02623;0.02716;0.02616;0.0268;25459900000000
20181219;0.0268;0.02759;0.02642;0.02749;34706700000000
20181220;0.02749;0.02825;0.02688;0.02695;43027400000000
20181221;0.02696;0.02866;0.02675;0.02809;39275400000000
20181222;0.02809;0.02875;0.0275;0.02806;33153000000000
20181223;0.02805;0.0294;0.02779;0.02916;20908800000000
20181224;0.02916;0.03313;0.02913;0.03284;45540900000000
20181225;0.03284;0.03767;0.03275;0.03445;58561600000000
20181226;0.03447;0.03473;0.03291;0.03407;39021400000000
20181227;0.03407;0.03534;0.03341;0.03424;29151300000000
20181228;0.03424;0.03443;0.0313;0.0319;28117400000000
20181229;0.0319;0.0354;0.03151;0.03525;35184000000000
20181230;0.03525;0.03744;0.03414;0.03598;38434400000000
20181231;0.03598;0.03653;0.03496;0.03624;29198900000000
20190101;0.03623;0.03634;0.0353;0.03554;20510400000000
20190102;0.03553;0.03753;0.03531;0.03663;16839100000000
20190103;0.03661;0.04005;0.0365;0.0394;34711800000000
20190104;0.03941;0.03995;0.03816;0.03885;28485900000000
20190105;0.03885;0.04085;0.03855;0.04009;30495200000000
20190106;0.0401;0.04175;0.0401;0.04053;31269200000000
20190107;0.04053;0.04072;0.03838;0.03857;28792100000000
20190108;0.03857;0.03879;0.0373;0.03759;22658600000000
20190109;0.03756;0.03776;0.0369;0.0373;22688800000000
20190110;0.0373;0.038;0.03714;0.03734;19504900000000
20190111;0.03734;0.03744;0.03409;0.03485;39752200000000
20190112;0.03485;0.03532;0.03372;0.03462;26618100000000
20190113;0.03462;0.035;0.03418;0.0344;15881600000000
20190114;0.03441;0.03445;0.03236;0.03284;19465700000000
20190115;0.03284;0.03548;0.03281;0.03501;29028900000000
20190116;0.03501;0.03556;0.0329;0.0335;32892000000000
20190117;0.03351;0.03478;0.03328;0.03384;27748800000000
20190118;0.03383;0.03397;0.03308;0.03365;22450800000000
20190119;0.03364;0.03372;0.03295;0.03315;17287300000000
20190120;0.03315;0.03377;0.03313;0.03344;17376600000000
20190121;0.03344;0.03352;0.03297;0.03321;20134600000000
20190122;0.03321;0.03329;0.03241;0.03277;15503200000000
20190123;0.03277;0.03316;0.03224;0.033;20754200000000
20190124;0.033;0.03311;0.0326;0.03277;18423200000000
20190125;0.03277;0.03283;0.03222;0.03261;25286700000000
20190126;0.03261;0.03299;0.03225;0.03231;18897500000000
20190127;0.0323;0.03258;0.03213;0.03234;14978800000000
20190128;0.03234;0.03243;0.03155;0.03157;21330100000000
20190129;0.03156;0.03173;0.02981;0.03072;34154900000000
20190130;0.03072;0.03099;0.03023;0.03062;20923400000000
20190131;0.03062;0.03159;0.03044;0.03131;19853700000000
20190201;0.03132;0.03176;0.03077;0.031;19149700000000
20190202;0.03101;0.03114;0.03046;0.03083;15216200000000
20190203;0.03083;0.03162;0.03077;0.03152;11946400000000
20190204;0.03152;0.03167;0.03087;0.03103;12764700000000
20190205;0.03104;0.03138;0.03085;0.03108;13014800000000
20190206;0.03108;0.03116;0.03081;0.03091;14354800000000
20190207;0.03092;0.03105;0.02986;0.0307;19899100000000
20190208;0.0307;0.03101;0.03063;0.03074;12821100000000
20190209;0.03074;0.03304;0.0306;0.03258;30749300000000
20190210;0.03258;0.03304;0.03234;0.03253;17326100000000
20190211;0.03253;0.0342;0.03202;0.034;22198800000000
20190212;0.034;0.03412;0.03295;0.03328;20284300000000
20190213;0.03329;0.03395;0.033;0.03371;19425800000000
20190214;0.03371;0.03448;0.03359;0.03378;18347000000000
20190215;0.03377;0.03437;0.0335;0.03352;15544800000000
20190216;0.03353;0.03411;0.0335;0.03376;14352300000000
20190217;0.03377;0.03423;0.03372;0.03392;15057000000000
20190218;0.03392;0.03699;0.03386;0.03648;35193200000000
20190219;0.03648;0.0383;0.03625;0.03737;47984900000000
20190220;0.03739;0.03795;0.0366;0.03671;31321700000000
20190221;0.03671;0.03763;0.03603;0.03741;26593100000000
20190222;0.0374;0.03749;0.03651;0.037;18344400000000
20190223;0.037;0.0374;0.03662;0.03718;15228500000000
20190224;0.03718;0.03908;0.03696;0.03831;24143800000000
20190225;0.03831;0.03985;0.03522;0.0353;48528700000000
20190226;0.0353;0.03678;0.0352;0.03601;36214000000000
20190227;0.03601;0.03613;0.03527;0.03577;25132900000000
20190228;0.03577;0.03654;0.0341;0.03537;30882800000000
20190301;0.03537;0.036;0.03492;0.03549;34063700000000
20190302;0.03548;0.03583;0.03526;0.03539;18380300000000
20190303;0.03538;0.03551;0.03429;0.0347;19204400000000
20190304;0.0347;0.03516;0.03385;0.03429;14188700000000
20190305;0.03429;0.03432;0.03336;0.03383;23637600000000
20190306;0.03381;0.0356;0.03373;0.03545;27866500000000
20190307;0.03544;0.0361;0.035;0.03558;21606800000000
20190308;0.03558;0.03588;0.03505;0.03532;20107600000000
20190309;0.03532;0.03544;0.0342;0.03456;25134400000000
20190310;0.03454;0.03538;0.03446;0.03481;26923000000000
20190311;0.03481;0.03496;0.03439;0.03457;21725300000000
20190312;0.03458;0.03464;0.03407;0.03427;24446200000000
20190313;0.03427;0.03485;0.03398;0.03441;22731600000000
20190314;0.0344;0.03442;0.03398;0.03407;22594000000000
20190315;0.03406;0.0345;0.0335;0.03411;20967600000000
20190316;0.03411;0.03503;0.03409;0.0348;21040400000000
20190317;0.0348;0.03575;0.0348;0.03517;25885600000000
20190318;0.03517;0.03519;0.03452;0.03483;18007200000000
20190319;0.03483;0.03525;0.03439;0.0345;17177700000000
20190320;0.03449;0.03482;0.03441;0.03449;12808200000000
20190321;0.03449;0.03454;0.03413;0.03439;16714700000000
20190322;0.03438;0.03444;0.03372;0.03388;19799400000000
20190323;0.03387;0.03431;0.03378;0.03409;15980300000000
20190324;0.03409;0.03445;0.03406;0.03427;11749100000000
20190325;0.03427;0.0343;0.03387;0.03409;14179000000000
20190326;0.03409;0.03424;0.03365;0.03403;21804600000000
20190327;0.03404;0.03416;0.0338;0.03399;22744200000000
20190328;0.03399;0.03473;0.03397;0.03452;25228100000000
20190329;0.03452;0.03459;0.0341;0.03423;16538500000000
20190330;0.03424;0.03495;0.03411;0.03489;22371300000000
20190331;0.03489;0.03541;0.0345;0.03468;20011000000000
20190401;0.03468;0.03469;0.03428;0.03448;13840600000000
20190402;0.03448;0.03461;0.03384;0.03409;17576900000000
20190403;0.03409;0.03411;0.0306;0.03362;56489600000000
20190404;0.03362;0.03495;0.03141;0.03244;59360100000000
20190405;0.03242;0.03267;0.03141;0.03212;33976900000000
20190406;0.03212;0.03336;0.03196;0.03294;23939200000000
20190407;0.03294;0.03342;0.03221;0.03281;21000200000000
20190408;0.0328;0.03405;0.03247;0.0337;24474700000000
20190409;0.03369;0.03526;0.03364;0.03413;43930500000000
20190410;0.03413;0.03447;0.03372;0.03391;24553700000000
20190411;0.03391;0.03477;0.03255;0.03337;28606100000000
20190412;0.03337;0.03339;0.03213;0.03271;29088000000000
20190413;0.03271;0.03284;0.03222;0.03234;15800600000000
20190414;0.03234;0.03254;0.03202;0.0323;10850800000000
20190415;0.0323;0.03268;0.03212;0.03257;10081800000000
20190416;0.03257;0.03268;0.03113;0.03184;17834100000000
20190417;0.03183;0.03233;0.03175;0.03197;15455900000000
20190418;0.03197;0.03202;0.03163;0.03186;12024200000000
20190419;0.03186;0.0333;0.03176;0.03296;16707100000000
20190420;0.03296;0.03313;0.03241;0.03283;15985200000000
20190421;0.03283;0.03325;0.03239;0.03267;12914800000000
20190422;0.03267;0.03273;0.0318;0.03207;15011200000000
20190423;0.03207;0.03245;0.03181;0.03184;14311900000000
20190424;0.03183;0.03186;0.03067;0.0308;21397800000000
20190425;0.0308;0.03083;0.0297;0.03044;22800500000000
20190426;0.03044;0.0305;0.02927;0.02964;22581300000000
20190427;0.02964;0.02987;0.02921;0.02972;21343500000000
20190428;0.02972;0.0304;0.02959;0.03008;12238800000000
20190429;0.03008;0.03012;0.0297;0.02973;11610700000000
20190430;0.02973;0.02987;0.02928;0.02961;14643400000000
20190501;0.02961;0.03056;0.0296;0.03042;18525500000000
20190502;0.03041;0.03064;0.02963;0.02975;15329500000000
20190503;0.02976;0.02994;0.02916;0.02945;14025900000000
20190504;0.02945;0.02962;0.02821;0.02911;22530600000000
20190505;0.02912;0.02923;0.02797;0.02808;18685700000000
20190506;0.02808;0.02843;0.02788;0.02823;15402900000000
20190507;0.02823;0.03079;0.028;0.0301;29118500000000
20190508;0.0301;0.03141;0.02884;0.02891;33155200000000
20190509;0.02892;0.02915;0.02841;0.02854;15195900000000
20190510;0.02854;0.02854;0.02719;0.02753;17583900000000
20190511;0.02753;0.02811;0.02686;0.02712;21204700000000
20190512;0.02712;0.02878;0.02558;0.02687;43829200000000
20190513;0.02687;0.02729;0.02616;0.02699;27398100000000
20190514;0.02699;0.02723;0.02465;0.02514;30800800000000
20190515;0.02514;0.02785;0.02485;0.02724;39573400000000
20190516;0.02724;0.03063;0.02708;0.03037;34519200000000
20190517;0.03037;0.03485;0.03032;0.03361;81314800000000
20190518;0.03361;0.03394;0.03155;0.03322;59257900000000
20190519;0.0332;0.03342;0.03196;0.03218;24476200000000
20190520;0.03218;0.03244;0.03155;0.03181;25965700000000
20190521;0.03181;0.03225;0.03107;0.03155;26328800000000
20190522;0.03155;0.03276;0.03154;0.03206;31086600000000
20190523;0.03205;0.03261;0.03137;0.03195;28382200000000
20190524;0.03195;0.03214;0.03072;0.03116;27122900000000
20190525;0.03116;0.03168;0.03102;0.03125;21407800000000
20190526;0.03124;0.0319;0.03105;0.03119;14750600000000
20190527;0.03118;0.03137;0.03014;0.03069;19652200000000
20190528;0.03069;0.03142;0.03037;0.03092;24065800000000
20190529;0.03093;0.03153;0.03067;0.03111;20479500000000
20190530;0.0311;0.03139;0.03077;0.0311;19851200000000
20190531;0.03111;0.03315;0.02974;0.03078;47696400000000
20190601;0.03079;0.03135;0.03022;0.03131;25640600000000
20190602;0.03131;0.03214;0.03084;0.03095;20608200000000
20190603;0.03095;0.03132;0.03069;0.03082;12955000000000
20190604;0.03082;0.03112;0.03034;0.0308;18194000000000
20190605;0.0308;0.03158;0.03065;0.0314;23269400000000
20190606;0.0314;0.03184;0.03093;0.03159;17219200000000
20190607;0.03158;0.03209;0.03127;0.03195;13787300000000
20190608;0.03195;0.03213;0.03111;0.0312;17422300000000
20190609;0.03119;0.03134;0.03075;0.03081;11128000000000
20190610;0.03081;0.03096;0.03;0.03028;13803100000000
20190611;0.03028;0.0311;0.0302;0.0309;15600700000000
20190612;0.0309;0.03124;0.0307;0.03099;12827900000000
20190613;0.03099;0.03225;0.03083;0.03215;17928300000000
20190614;0.03213;0.03229;0.03076;0.031;20194200000000
20190615;0.031;0.0312;0.03022;0.03035;20779600000000
20190616;0.03035;0.03087;0.03018;0.0304;17250800000000
20190617;0.0304;0.03045;0.02936;0.0299;21271800000000
20190618;0.0299;0.02997;0.02904;0.02933;21978900000000
20190619;0.02934;0.0295;0.02881;0.02914;24687000000000
20190620;0.02914;0.02943;0.0289;0.02898;16615500000000
20190621;0.02897;0.02908;0.02806;0.02851;18717800000000
20190622;0.0285;0.02985;0.0285;0.02897;33863500000000
20190623;0.02897;0.02975;0.02782;0.02896;42168800000000
20190624;0.02896;0.02944;0.02809;0.02829;21806900000000
20190625;0.02829;0.02863;0.02798;0.0282;17162800000000
20190626;0.0282;0.02823;0.02687;0.02692;23745600000000
20190627;0.02692;0.02763;0.02533;0.02591;67024100000000
20190628;0.02592;0.02735;0.02565;0.02634;51747400000000
20190629;0.02634;0.02711;0.02498;0.02506;29153700000000
20190630;0.02506;0.02712;0.02499;0.0267;30372100000000
20190701;0.02671;0.02708;0.02605;0.02697;29575500000000
20190702;0.02697;0.028;0.02664;0.02777;33281700000000
20190703;0.02777;0.02832;0.02654;0.02689;30981700000000
20190704;0.02688;0.02689;0.02517;0.02522;28531400000000
20190705;0.02522;0.02567;0.02485;0.02537;23802600000000
20190706;0.02537;0.02643;0.02513;0.02617;20778900000000
20190707;0.02617;0.02621;0.02527;0.02561;13763100000000
20190708;0.0256;0.02707;0.02552;0.02671;15259700000000
20190709;0.02671;0.02693;0.02525;0.02549;19410500000000
20190710;0.02549;0.0256;0.02437;0.02451;25051700000000
20190711;0.02452;0.02457;0.02293;0.02388;33091100000000
20190712;0.02387;0.02427;0.02306;0.02368;24485800000000
20190713;0.02368;0.02407;0.0232;0.02335;17296400000000
20190714;0.02335;0.02435;0.02327;0.02366;15871300000000
20190715;0.02366;0.02409;0.022;0.0222;34315200000000
20190716;0.0222;0.02233;0.02054;0.02107;37348400000000
20190717;0.02107;0.02143;0.02014;0.02109;34680400000000
20190718;0.02109;0.02235;0.02096;0.0218;29958400000000
20190719;0.0218;0.02239;0.02101;0.02124;34654400000000
20190720;0.02125;0.02129;0.0208;0.02102;16152100000000
20190721;0.02101;0.02188;0.02101;0.02125;16722500000000
20190722;0.02125;0.02143;0.021;0.02128;11955900000000
20190723;0.02129;0.02139;0.02081;0.02104;13499600000000
20190724;0.02104;0.0217;0.02097;0.02154;14926300000000
20190725;0.02154;0.02249;0.02087;0.02216;17562800000000
20190726;0.02215;0.02239;0.02192;0.02218;14609400000000
20190727;0.02218;0.02239;0.02193;0.02227;11107800000000
20190728;0.02227;0.0223;0.02158;0.02187;14397000000000
20190729;0.02187;0.02236;0.02162;0.02217;13886400000000
20190730;0.02217;0.02227;0.02191;0.02218;10360100000000
20190731;0.02218;0.02222;0.02175;0.02189;10943300000000
20190801;0.02189;0.02216;0.02143;0.02167;13220300000000
20190802;0.02167;0.02167;0.02073;0.0209;11646500000000
20190803;0.0209;0.02116;0.02056;0.02069;14056800000000
20190804;0.02069;0.02094;0.02036;0.02054;10900100000000
20190805;0.02054;0.02061;0.02012;0.02029;9586000000000
20190806;0.02029;0.02037;0.01941;0.01974;18348300000000
20190807;0.01974;0.01994;0.01908;0.01971;22039800000000
20190808;0.0197;0.01976;0.01876;0.01888;18092700000000
20190809;0.01888;0.0191;0.01839;0.01844;16677600000000
20190810;0.01845;0.01854;0.01757;0.01773;17065900000000
20190811;0.01773;0.01827;0.01771;0.01826;16415200000000
20190812;0.01825;0.01899;0.01825;0.01874;15568100000000
20190813;0.01874;0.01876;0.0185;0.01856;8883700000000
20190814;0.01856;0.01929;0.01833;0.01921;14028400000000
20190815;0.01921;0.01979;0.01808;0.01861;21809300000000
20190816;0.01861;0.01876;0.01798;0.01826;15050500000000
20190817;0.01826;0.01852;0.01761;0.0179;17328700000000
20190818;0.01789;0.01827;0.01779;0.01817;12704300000000
20190819;0.01817;0.019;0.01807;0.01886;13148300000000
20190820;0.01886;0.019;0.01837;0.01853;13520200000000
20190821;0.01853;0.01867;0.01821;0.01827;11085700000000
20190822;0.01827;0.01862;0.0181;0.01848;14608300000000
20190823;0.01849;0.01918;0.01848;0.01885;16232200000000
20190824;0.01885;0.01903;0.01848;0.01866;13644200000000
20190825;0.01866;0.01898;0.01851;0.01881;13602100000000
20190826;0.01881;0.01888;0.01828;0.0184;11327500000000
20190827;0.0184;0.01864;0.01806;0.01818;14589200000000
20190828;0.01818;0.01868;0.01811;0.01839;12829800000000
20190829;0.01839;0.01844;0.01723;0.01779;14652400000000
20190830;0.0178;0.01797;0.01745;0.01781;14024600000000
20190831;0.01781;0.01792;0.0175;0.01758;10354900000000
20190901;0.01758;0.01809;0.01738;0.01789;12480800000000
20190902;0.01789;0.01801;0.0175;0.01756;7499900000000
20190903;0.01756;0.01772;0.01715;0.01721;12021000000000
20190904;0.01721;0.0173;0.01671;0.01684;13423500000000
20190905;0.01684;0.01699;0.01642;0.01654;14258900000000
20190906;0.01654;0.01662;0.01617;0.01644;11235300000000
20190907;0.01644;0.01656;0.01615;0.01641;14368100000000
20190908;0.01641;0.01719;0.0163;0.01698;13837100000000
20190909;0.01699;0.0176;0.01698;0.01745;17052000000000
20190910;0.01745;0.01777;0.01722;0.01752;17622700000000
20190911;0.01752;0.01784;0.01751;0.01781;10562900000000
20190912;0.01781;0.018;0.01745;0.01755;14450100000000
20190913;0.01755;0.01765;0.01735;0.01735;11333800000000
20190914;0.01735;0.01764;0.01729;0.0175;10489600000000
20190915;0.0175;0.01824;0.01694;0.01821;12415500000000
20190916;0.01821;0.01844;0.01805;0.01835;11500300000000
20190917;0.01835;0.01956;0.01835;0.01924;21401500000000
20190918;0.01924;0.021;0.01917;0.0204;33735200000000
20190919;0.0204;0.0215;0.02039;0.0207;29733800000000
20190920;0.0207;0.02223;0.02026;0.0215;34559300000000
20190921;0.0215;0.02156;0.02103;0.02144;16396900000000
20190922;0.02144;0.0218;0.02141;0.02153;10532800000000
20190923;0.02153;0.02157;0.0206;0.02106;12007900000000
20190924;0.02106;0.02135;0.02054;0.02075;12875400000000
20190925;0.02074;0.02079;0.0188;0.01949;51655700000000
20190926;0.01951;0.02034;0.01942;0.02016;28835200000000
20190927;0.02016;0.02062;0.01965;0.02058;23700100000000
20190928;0.02058;0.0216;0.02044;0.02126;20403700000000
20190929;0.02126;0.0215;0.02093;0.02116;17032300000000
20190930;0.02116;0.02123;0.02068;0.02104;14061300000000
20191001;0.02104;0.02186;0.02102;0.02182;20040100000000
20191002;0.02181;0.02209;0.02101;0.02118;17984200000000
20191003;0.02118;0.0217;0.02108;0.02157;13071500000000
20191004;0.02157;0.02158;0.02098;0.02124;12396700000000
20191005;0.02124;0.0218;0.02123;0.02158;11867400000000
20191006;0.02158;0.02182;0.02138;0.02168;9867300000000
20191007;0.02168;0.02199;0.02142;0.02165;11976100000000
20191008;0.02165;0.0221;0.0216;0.02196;18018600000000
20191009;0.02196;0.02232;0.02177;0.0221;16062100000000
20191010;0.0221;0.02304;0.022;0.0225;25187200000000
20191011;0.0225;0.02264;0.02202;0.02234;17804700000000
20191012;0.02234;0.02269;0.02159;0.02187;19753500000000
20191013;0.02187;0.0221;0.02138;0.02165;12364800000000
20191014;0.02164;0.022;0.02157;0.02187;11289100000000
20191015;0.02187;0.02247;0.02185;0.02237;11537500000000
20191016;0.02237;0.02253;0.02185;0.02212;14002400000000
20191017;0.02212;0.0222;0.0217;0.02183;12892700000000
20191018;0.02183;0.02208;0.02176;0.02195;10813100000000
20191019;0.02195;0.02209;0.0215;0.02174;13111500000000
20191020;0.02174;0.02195;0.02141;0.02162;10283100000000
20191021;0.02162;0.02171;0.02122;0.02131;9138000000000
20191022;0.02131;0.02147;0.021;0.02123;11866500000000
20191023;0.02122;0.02136;0.0209;0.02135;12968300000000
20191024;0.02135;0.02179;0.02069;0.02174;31775300000000
20191025;0.02174;0.02185;0.02138;0.02164;16593500000000
20191026;0.02164;0.02196;0.02082;0.02096;26417300000000
20191027;0.02097;0.02105;0.01886;0.01944;38280200000000
20191028;0.01944;0.0196;0.0191;0.01929;19874200000000
20191029;0.01929;0.01979;0.01897;0.01973;20384000000000
20191030;0.01973;0.02046;0.01956;0.02025;20498900000000
20191031;0.02025;0.02054;0.01987;0.02001;17570700000000
20191101;0.02001;0.02015;0.0196;0.01993;14184700000000
20191102;0.01993;0.02007;0.01951;0.01981;12198800000000
20191103;0.01981;0.0199;0.01959;0.01969;7266800000000
20191104;0.01969;0.01993;0.01961;0.01974;7648700000000
20191105;0.01974;0.02022;0.01966;0.01977;14099700000000
20191106;0.01977;0.02057;0.0197;0.02027;14184800000000
20191107;0.02027;0.02075;0.02021;0.02046;14546800000000
20191108;0.02047;0.02052;0.02014;0.02026;12689500000000
20191109;0.02026;0.02098;0.02011;0.02094;15565900000000
20191110;0.02094;0.02107;0.02078;0.02099;10527700000000
20191111;0.021;0.02162;0.02078;0.02091;14173000000000
20191112;0.02091;0.02149;0.02089;0.02118;10191600000000
20191113;0.02118;0.02143;0.02106;0.02121;10483500000000
20191114;0.02121;0.02159;0.02116;0.02143;10351900000000
20191115;0.02143;0.02152;0.02123;0.02139;11509200000000
20191116;0.02139;0.02149;0.02095;0.02125;16395100000000
20191117;0.02125;0.02163;0.02123;0.02148;10621800000000
20191118;0.02148;0.02171;0.02134;0.02162;11039200000000
20191119;0.02162;0.02179;0.02143;0.02176;14513100000000
20191120;0.02176;0.02177;0.02139;0.02163;13166000000000
20191121;0.02163;0.02182;0.02144;0.02158;12066100000000
20191122;0.02158;0.02169;0.02085;0.02111;20232600000000
20191123;0.02111;0.02122;0.02026;0.02058;34581500000000
20191124;0.02058;0.02107;0.02039;0.02077;12165700000000
20191125;0.02077;0.02099;0.0202;0.02027;11466400000000
20191126;0.02028;0.0211;0.02013;0.02049;24661600000000
20191127;0.0205;0.02083;0.02035;0.02061;13064000000000
20191128;0.02061;0.02078;0.02026;0.02032;17394900000000
20191129;0.02032;0.02048;0.02003;0.02032;11862800000000
20191130;0.02032;0.02051;0.01977;0.01996;15132000000000
20191201;0.01996;0.02018;0.01981;0.02008;11329600000000
20191202;0.02008;0.02058;0.01994;0.02039;12251500000000
20191203;0.02039;0.02053;0.02022;0.02038;9287000000000
20191204;0.02038;0.0204;0.02012;0.02017;8980400000000
20191205;0.02018;0.02037;0.0195;0.02021;15153400000000
20191206;0.02022;0.02024;0.01978;0.02005;11513200000000
20191207;0.02004;0.02011;0.01968;0.01972;10244200000000
20191208;0.01972;0.01979;0.01961;0.01965;7829400000000
20191209;0.01965;0.02011;0.0196;0.02003;8724500000000
20191210;0.02003;0.02014;0.01976;0.02008;10094100000000
20191211;0.02008;0.02023;0.01991;0.02015;11209900000000
20191212;0.02015;0.0202;0.01977;0.01989;7703500000000
20191213;0.01989;0.02018;0.0196;0.02013;10736100000000
20191214;0.02013;0.02015;0.01982;0.01995;8214100000000
20191215;0.01995;0.02015;0.01977;0.02007;6480000000000
20191216;0.02007;0.02014;0.01987;0.02001;6126200000000
20191217;0.02001;0.02008;0.0188;0.01926;18821000000000
20191218;0.01926;0.01933;0.01819;0.01841;19174800000000
20191219;0.01841;0.0188;0.018;0.01825;24884400000000
20191220;0.01825;0.01833;0.01759;0.01792;16272100000000
20191221;0.01792;0.01798;0.01773;0.01783;8603700000000
20191222;0.01783;0.0179;0.01773;0.01781;6983100000000
20191223;0.01781;0.01817;0.0176;0.01762;9740200000000
20191224;0.01762;0.01776;0.01722;0.01746;13374300000000
20191225;0.01746;0.01776;0.01737;0.0176;9621200000000
20191226;0.0176;0.01762;0.01718;0.01737;9540500000000
20191227;0.01737;0.01783;0.0173;0.01744;10614900000000
20191228;0.01744;0.01752;0.01726;0.01741;10929300000000
20191229;0.01741;0.01765;0.01737;0.01751;9342900000000
20191230;0.01751;0.01834;0.01748;0.01818;13688800000000
20191231;0.01818;0.0184;0.01792;0.01816;13431400000000
20200101;0.01816;0.0183;0.01787;0.01795;9814900000000
20200102;0.01795;0.01836;0.01792;0.01815;6911800000000
20200103;0.01815;0.01832;0.01796;0.01826;7944600000000
20200104;0.01826;0.01843;0.0178;0.0183;15107800000000
20200105;0.0183;0.01836;0.01814;0.01825;8427700000000
20200106;0.01825;0.01857;0.01815;0.0184;10799700000000
20200107;0.0184;0.0189;0.01834;0.01858;14401200000000
20200108;0.01858;0.01859;0.01751;0.01753;16753800000000
20200109;0.01753;0.01753;0.01696;0.01747;19264300000000
20200110;0.01747;0.0177;0.01732;0.01762;12247100000000
20200111;0.01762;0.01797;0.01745;0.01767;15579600000000
20200112;0.01767;0.01806;0.0175;0.01775;11902800000000
20200113;0.01775;0.01793;0.01762;0.01791;9187200000000
20200114;0.0179;0.01794;0.01757;0.0177;8980500000000
20200115;0.0177;0.01932;0.01736;0.0188;34553600000000
20200116;0.0188;0.01945;0.01841;0.01887;24628300000000
20200117;0.01886;0.01895;0.0184;0.01883;14925100000000
20200118;0.01883;0.01943;0.01869;0.01906;21528800000000
20200119;0.01906;0.02004;0.01873;0.01953;23767700000000
20200120;0.01953;0.01967;0.01888;0.01917;19637700000000
20200121;0.01917;0.01941;0.01888;0.01931;9687300000000
20200122;0.01931;0.01954;0.01918;0.0194;10626400000000
20200123;0.0194;0.01953;0.0192;0.01936;8200200000000
20200124;0.01936;0.01953;0.01911;0.01937;11668400000000
20200125;0.01937;0.01943;0.01883;0.01926;10708100000000
20200126;0.01926;0.01936;0.01899;0.01923;6016700000000
20200127;0.01922;0.01955;0.01916;0.01949;7858100000000
20200128;0.01949;0.01954;0.01905;0.01909;11161000000000
20200129;0.01909;0.01917;0.0187;0.01874;14804900000000
20200130;0.01873;0.01906;0.01865;0.01868;10111100000000
20200131;0.01868;0.01954;0.01851;0.01941;15447600000000
20200201;0.01941;0.01955;0.019;0.01924;12546400000000
20200202;0.01924;0.01958;0.01917;0.01956;10609400000000
20200203;0.01956;0.02044;0.01943;0.02019;18572700000000
20200204;0.02019;0.02054;0.02012;0.02042;14555500000000
20200205;0.02042;0.02058;0.02013;0.02054;13723000000000
20200206;0.02054;0.02144;0.02047;0.0212;20466200000000
20200207;0.0212;0.02198;0.02107;0.02182;24486500000000
20200208;0.02182;0.02283;0.02181;0.02276;26369800000000
20200209;0.02277;0.02316;0.02208;0.02254;25295600000000
20200210;0.02254;0.02287;0.0223;0.02252;17089000000000
20200211;0.02251;0.02281;0.02206;0.02262;21808700000000
20200212;0.02263;0.0233;0.02235;0.02315;24883400000000
20200213;0.02315;0.0265;0.02314;0.02573;42498300000000
20200214;0.02573;0.02685;0.02513;0.02623;38952100000000
20200215;0.02623;0.02774;0.02574;0.02757;31418700000000
20200216;0.02757;0.02784;0.02659;0.02674;39585000000000
20200217;0.02674;0.02739;0.02455;0.0261;36701600000000
20200218;0.02611;0.02766;0.02488;0.0276;34665000000000
20200219;0.0276;0.0285;0.02695;0.0278;36182800000000
20200220;0.0278;0.02811;0.02668;0.02694;22620700000000
20200221;0.02694;0.02741;0.02592;0.02678;26445800000000
20200222;0.02678;0.02755;0.0265;0.0274;17833100000000
20200223;0.02741;0.02749;0.02678;0.0271;11486500000000
20200224;0.0271;0.02765;0.027;0.02762;14148100000000
20200225;0.02763;0.0278;0.02708;0.02751;19126100000000
20200226;0.02751;0.02754;0.02642;0.02649;18938700000000
20200227;0.02647;0.0267;0.0248;0.02549;34400800000000
20200228;0.02549;0.02663;0.02457;0.02581;31764400000000
20200229;0.02581;0.02637;0.02527;0.02609;20681800000000
20200301;0.02609;0.02659;0.02546;0.02551;12939800000000
20200302;0.0255;0.02605;0.02514;0.02551;16128900000000
20200303;0.02552;0.0263;0.0254;0.02603;17013700000000
20200304;0.02603;0.02614;0.02541;0.02556;15414100000000
20200305;0.02556;0.02595;0.02539;0.02563;12879600000000
20200306;0.02563;0.02576;0.02501;0.02522;15960100000000
20200307;0.02522;0.02685;0.02519;0.02683;20887900000000
20200308;0.02682;0.02749;0.02661;0.02669;21431800000000
20200309;0.02669;0.0267;0.02446;0.02482;32941100000000
20200310;0.02482;0.02617;0.02468;0.02558;34466500000000
20200311;0.02557;0.02572;0.02506;0.02542;21768300000000
20200312;0.02542;0.02558;0.0239;0.02453;21402300000000
20200313;0.02453;0.02457;0.021;0.02241;93267600000000
20200314;0.02241;0.02537;0.0218;0.02405;139695700000000
20200315;0.02406;0.02443;0.02347;0.02367;37629000000000
20200316;0.02367;0.02382;0.02221;0.02309;32978800000000
20200317;0.02308;0.0233;0.0218;0.02208;57619600000000
20200318;0.02208;0.02257;0.02156;0.02177;27207900000000
20200319;0.02177;0.02203;0.0216;0.02189;34944000000000
20200320;0.02189;0.02235;0.02156;0.02212;50537600000000
20200321;0.02212;0.02277;0.02043;0.0215;48862600000000
20200322;0.0215;0.02158;0.02111;0.02143;20997100000000
20200323;0.02143;0.02153;0.02081;0.02103;18787200000000
20200324;0.02103;0.02133;0.02046;0.02101;23390500000000
20200325;0.02102;0.02114;0.02047;0.02053;23156800000000
20200326;0.02053;0.02108;0.0203;0.02038;22702600000000
20200327;0.02038;0.02066;0.02019;0.02055;19583600000000
20200328;0.02055;0.02078;0.0203;0.02065;20825800000000
20200329;0.02065;0.02135;0.02051;0.021;27042800000000
20200330;0.021;0.02127;0.02087;0.02116;15194000000000
20200331;0.02116;0.0213;0.02046;0.02066;23476900000000
20200401;0.02066;0.02085;0.02041;0.0207;16772200000000
20200402;0.02071;0.02116;0.02039;0.02042;23055400000000
20200403;0.02042;0.02111;0.02042;0.0208;29258500000000
20200404;0.0208;0.02108;0.02076;0.02099;20925900000000
20200405;0.02099;0.02123;0.02081;0.02101;19933400000000
20200406;0.02101;0.0212;0.02097;0.02106;11285600000000
20200407;0.02107;0.02344;0.02101;0.02338;48537400000000
20200408;0.02338;0.02372;0.02274;0.02287;43735500000000
20200409;0.02287;0.02359;0.02277;0.02352;24594400000000
20200410;0.02352;0.02358;0.02321;0.02328;15975300000000
20200411;0.02328;0.02334;0.02243;0.023;35442600000000
20200412;0.02301;0.02327;0.02274;0.02302;15914500000000
20200413;0.02302;0.02321;0.02281;0.02298;16949800000000
20200414;0.02298;0.02312;0.0226;0.02286;25693900000000
20200415;0.02286;0.02327;0.02282;0.02307;17193400000000
20200416;0.02307;0.02339;0.02286;0.02307;26921300000000
20200417;0.02307;0.02474;0.02289;0.02426;40181400000000
20200418;0.02427;0.02448;0.02388;0.02429;19104400000000
20200419;0.02429;0.02603;0.02428;0.02585;29675100000000
20200420;0.02585;0.02599;0.02493;0.02528;28134500000000
20200421;0.02528;0.02587;0.02468;0.02493;32538300000000
20200422;0.02493;0.0253;0.02481;0.02496;19402600000000
20200423;0.02496;0.02574;0.02489;0.02565;22075200000000
20200424;0.02565;0.02602;0.0246;0.0248;41728100000000
20200425;0.0248;0.0251;0.02475;0.02499;21505100000000
20200426;0.02499;0.02593;0.02492;0.02576;21567900000000
20200427;0.02576;0.02597;0.02551;0.02566;15757200000000
20200428;0.02566;0.0257;0.02488;0.02526;22894100000000
20200429;0.02525;0.02549;0.0251;0.02536;17637900000000
20200430;0.02536;0.026;0.0242;0.02453;45101900000000
20200501;0.02454;0.02466;0.02361;0.02389;37671400000000
20200502;0.0239;0.02437;0.02386;0.02402;19609700000000
20200503;0.02402;0.02417;0.02378;0.02384;17528700000000
20200504;0.02384;0.024;0.02342;0.02359;15735200000000
20200505;0.02359;0.02368;0.02274;0.02328;20813300000000
20200506;0.02328;0.02345;0.02272;0.02275;15031900000000
20200507;0.02276;0.0231;0.0217;0.02176;23088200000000
20200508;0.02176;0.02227;0.02105;0.02124;33467400000000
20200509;0.02123;0.02167;0.02118;0.02157;22672100000000
20200510;0.02157;0.02205;0.02149;0.02202;19423800000000
20200511;0.02203;0.02297;0.02136;0.02151;32404200000000
20200512;0.0215;0.02177;0.02097;0.02169;23065900000000
20200513;0.02169;0.02182;0.02132;0.02154;16547000000000
20200514;0.02154;0.02173;0.02111;0.02144;21540000000000
20200515;0.02144;0.02145;0.02048;0.02076;24604600000000
20200516;0.02076;0.02133;0.02068;0.02091;31030100000000
20200517;0.02091;0.02152;0.02087;0.02137;22524900000000
20200518;0.02137;0.02154;0.02093;0.02139;19659100000000
20200519;0.02139;0.02226;0.02131;0.02208;27188300000000
20200520;0.02208;0.02216;0.0218;0.02195;14551500000000
20200521;0.02195;0.02218;0.02162;0.02208;14857300000000
20200522;0.02208;0.02226;0.02174;0.02192;20040800000000
20200523;0.02192;0.02271;0.02182;0.02261;19392900000000
20200524;0.02261;0.02279;0.02245;0.0225;15602100000000
20200525;0.0225;0.0232;0.0225;0.02293;20386200000000
20200526;0.02292;0.02324;0.02287;0.02294;18735700000000
20200527;0.02294;0.02304;0.0226;0.02272;18663000000000
20200528;0.02273;0.02302;0.02242;0.02263;18389100000000
20200529;0.02263;0.02301;0.02213;0.023;21346900000000
20200530;0.023;0.02355;0.023;0.02341;21293300000000
20200531;0.02341;0.0256;0.02333;0.02513;28203300000000
20200601;0.02513;0.02539;0.02444;0.02451;26974000000000
20200602;0.02451;0.02527;0.02411;0.02434;26885300000000
20200603;0.02434;0.02522;0.02395;0.02498;28654100000000
20200604;0.02498;0.02537;0.02478;0.02531;16849500000000
20200605;0.02531;0.02549;0.02448;0.02484;22759500000000
20200606;0.02484;0.02516;0.02472;0.02495;14353800000000
20200607;0.02495;0.0252;0.02489;0.02503;12987100000000
20200608;0.02502;0.02518;0.02472;0.02509;18618700000000
20200609;0.02509;0.02527;0.02492;0.02519;13826200000000
20200610;0.02519;0.0255;0.02485;0.02495;16862700000000
20200611;0.02495;0.02515;0.02482;0.02507;19476200000000
20200612;0.02507;0.02519;0.02457;0.02484;25716600000000
20200613;0.02484;0.0252;0.02468;0.0251;15547500000000
20200614;0.0251;0.02528;0.02499;0.02514;11444100000000
20200615;0.02514;0.02523;0.02481;0.02481;12458300000000
20200616;0.02481;0.02484;0.02425;0.02449;23577400000000
20200617;0.02449;0.02475;0.0243;0.0247;15919300000000
20200618;0.0247;0.02485;0.02457;0.0247;14784500000000
20200619;0.0247;0.02483;0.02444;0.02464;13319800000000
20200620;0.02464;0.02472;0.02438;0.0246;15417500000000
20200621;0.0246;0.02473;0.0244;0.02446;11145700000000
20200622;0.02446;0.02465;0.02443;0.02453;10868500000000
20200623;0.02453;0.02564;0.0245;0.0251;32760100000000
20200624;0.0251;0.02534;0.02503;0.02526;23453200000000
20200625;0.02526;0.02582;0.02504;0.02523;33035700000000
20200626;0.02523;0.02535;0.02509;0.02514;22098500000000
20200627;0.02514;0.02522;0.02502;0.02507;23612000000000
20200628;0.02506;0.02516;0.02416;0.02452;22338000000000
20200629;0.02451;0.02482;0.0244;0.02467;17771600000000
20200630;0.02467;0.0249;0.02441;0.0248;23060700000000
20200701;0.0248;0.02488;0.02454;0.02468;17232800000000
20200702;0.02468;0.02509;0.02458;0.02502;20334300000000
20200703;0.02502;0.02507;0.02474;0.02492;22212300000000
20200704;0.02492;0.02501;0.0248;0.02483;15943900000000
20200705;0.02483;0.0251;0.02481;0.02508;15220100000000
20200706;0.02509;0.02514;0.02485;0.02509;14293000000000
20200707;0.02508;0.02587;0.02503;0.02586;30279400000000
20200708;0.02586;0.02603;0.02544;0.02586;24617600000000
20200709;0.02586;0.02637;0.02575;0.02617;38868500000000
20200710;0.02617;0.0263;0.02591;0.02621;23287500000000
20200711;0.02621;0.02622;0.02583;0.02597;18065400000000
20200712;0.02597;0.02603;0.02582;0.0259;14663600000000
20200713;0.0259;0.02615;0.02568;0.0261;21586200000000
20200714;0.0261;0.02632;0.02577;0.02592;24534800000000
20200715;0.02592;0.02612;0.02582;0.02598;16931200000000
20200716;0.02598;0.02604;0.02579;0.02594;17255500000000
20200717;0.02594;0.02596;0.02531;0.02557;21682500000000
20200718;0.02558;0.02566;0.02539;0.02542;19271900000000
20200719;0.02542;0.02576;0.0254;0.0257;17918400000000
20200720;0.0257;0.02601;0.02554;0.02597;16987100000000
20200721;0.02597;0.02605;0.0256;0.02576;23146000000000
20200722;0.02576;0.02628;0.02573;0.02615;30463200000000
20200723;0.02615;0.02835;0.026;0.02771;36190100000000
20200724;0.02771;0.02921;0.02744;0.02866;47363000000000
20200725;0.02867;0.02983;0.02825;0.02926;33328700000000
20200726;0.02927;0.03177;0.02926;0.03147;35058400000000
20200727;0.03148;0.03263;0.03011;0.03131;44842900000000
20200728;0.03132;0.03261;0.02863;0.02919;91932700000000
20200729;0.02918;0.02931;0.02848;0.02905;63696300000000
20200730;0.02905;0.0294;0.02853;0.02862;46985800000000
20200731;0.02862;0.03067;0.02861;0.03017;54807300000000
20200801;0.03017;0.031;0.02993;0.03056;56505300000000
20200802;0.03056;0.03314;0.03031;0.03279;80455400000000
20200803;0.03279;0.03477;0.03033;0.03364;107665600000000
20200804;0.03363;0.03515;0.03348;0.03439;70873600000000
20200805;0.03439;0.03532;0.03436;0.03481;63114900000000
20200806;0.03481;0.03493;0.03381;0.03412;61143700000000
20200807;0.03412;0.03427;0.03338;0.03356;44449900000000
20200808;0.03356;0.03365;0.0318;0.03271;45714300000000
20200809;0.03271;0.03376;0.03259;0.03376;22699400000000
20200810;0.03376;0.03392;0.03313;0.0334;25716700000000
20200811;0.0334;0.03358;0.03274;0.03325;49984400000000
20200812;0.03325;0.03374;0.03285;0.03327;42579800000000
20200813;0.03327;0.03358;0.03278;0.03347;37545800000000
20200814;0.03348;0.03659;0.03343;0.03604;82759500000000
20200815;0.03604;0.0377;0.03578;0.03725;63470400000000
20200816;0.03725;0.03737;0.03579;0.03647;30889500000000
20200817;0.03648;0.03675;0.03525;0.03641;24656900000000
20200818;0.03641;0.03647;0.03489;0.03507;31053400000000
20200819;0.03507;0.03565;0.03476;0.03532;27246500000000
20200820;0.03532;0.0355;0.03384;0.03467;31061400000000
20200821;0.03467;0.03527;0.03445;0.03508;29488900000000
20200822;0.03509;0.03525;0.03349;0.03365;37553300000000
20200823;0.03364;0.03402;0.03332;0.03388;27623200000000
20200824;0.03388;0.03399;0.03327;0.03354;19997300000000
20200825;0.03354;0.03481;0.03344;0.0347;26855800000000
20200826;0.0347;0.03477;0.03283;0.03384;36852000000000
20200827;0.03384;0.03417;0.0335;0.03366;27102900000000
20200828;0.03366;0.03426;0.03328;0.03383;29525300000000
20200829;0.03383;0.03452;0.03366;0.03428;25380900000000
20200830;0.03428;0.03521;0.03417;0.03477;22972600000000
20200831;0.03477;0.03672;0.03475;0.03663;39034300000000
20200901;0.03662;0.03749;0.03606;0.03723;43673900000000
20200902;0.03724;0.04057;0.03708;0.03987;79508100000000
20200903;0.03987;0.04044;0.03746;0.0386;64995600000000
20200904;0.0386;0.03944;0.03648;0.03762;62440600000000
20200905;0.03762;0.03814;0.03613;0.03688;43487400000000
20200906;0.03688;0.03737;0.03122;0.03296;87953200000000
20200907;0.03296;0.03501;0.03164;0.0344;63355000000000
20200908;0.0344;0.03477;0.03273;0.03409;48842000000000
20200909;0.03409;0.03422;0.03296;0.03331;39747100000000
20200910;0.03332;0.03474;0.03313;0.03433;31693600000000
20200911;0.03433;0.03607;0.03429;0.03559;41325100000000
20200912;0.03559;0.0361;0.03486;0.03597;33646100000000
20200913;0.03597;0.03717;0.03538;0.03714;30593600000000
20200914;0.03714;0.03717;0.03458;0.03546;38150400000000
20200915;0.03546;0.0359;0.03469;0.03534;39199400000000
20200916;0.03533;0.03546;0.0336;0.03375;32170900000000
20200917;0.03375;0.03384;0.03313;0.03333;32164700000000
20200918;0.03333;0.03606;0.03324;0.03559;49406700000000
20200919;0.03559;0.03585;0.03469;0.03516;38573200000000
20200920;0.03516;0.03516;0.0345;0.03476;27760600000000
20200921;0.03477;0.03487;0.03379;0.03397;25889700000000
20200922;0.03397;0.03433;0.03204;0.03266;46090000000000
20200923;0.03266;0.03307;0.0323;0.03269;34168500000000
20200924;0.03269;0.03274;0.0309;0.03131;32066800000000
20200925;0.03132;0.03291;0.03105;0.03251;33347100000000
20200926;0.0325;0.03329;0.03187;0.03293;31352600000000
20200927;0.03293;0.03312;0.03243;0.03299;23379200000000
20200928;0.03299;0.03357;0.03275;0.03318;24561600000000
20200929;0.03318;0.0337;0.03273;0.0331;26362200000000
20200930;0.03309;0.03335;0.03284;0.03319;22731300000000
20201001;0.03319;0.03355;0.03295;0.03338;19503100000000
20201002;0.03339;0.03389;0.03299;0.03323;28327300000000
20201003;0.03324;0.03332;0.0322;0.03269;26144600000000
20201004;0.0327;0.03318;0.03262;0.03282;13739100000000
20201005;0.03282;0.03314;0.03262;0.03303;14109900000000
20201006;0.03303;0.03315;0.03272;0.03277;14774900000000
20201007;0.03277;0.03293;0.03197;0.03215;22321800000000
20201008;0.03214;0.03221;0.03157;0.03202;19970500000000
20201009;0.03202;0.03242;0.03167;0.03212;21619200000000
20201010;0.03212;0.03325;0.03206;0.03304;25526200000000
20201011;0.03303;0.03329;0.03273;0.03281;20878700000000
20201012;0.03281;0.03312;0.03268;0.03291;14791400000000
20201013;0.03291;0.0338;0.0325;0.03352;27612100000000
20201014;0.03352;0.03361;0.0331;0.03337;18240200000000
20201015;0.03337;0.03363;0.033;0.03317;19811900000000
20201016;0.03316;0.03335;0.03278;0.03282;26980900000000
20201017;0.03282;0.03292;0.03223;0.03228;29757800000000
20201018;0.03229;0.03248;0.03222;0.03243;14928600000000
20201019;0.03242;0.03298;0.03237;0.03288;15267500000000
20201020;0.03287;0.03292;0.03214;0.03228;22370600000000
20201021;0.03228;0.03239;0.03085;0.03094;31454800000000
20201022;0.03094;0.03116;0.03027;0.03055;37489900000000
20201023;0.03055;0.03217;0.03044;0.03192;28694800000000
20201024;0.03192;0.03224;0.03145;0.03166;17259800000000
20201025;0.03166;0.03193;0.03126;0.03143;13622000000000
20201026;0.03143;0.03186;0.03111;0.03115;12001700000000
20201027;0.03115;0.03134;0.02981;0.03009;24226000000000
20201028;0.03009;0.03031;0.02938;0.02958;22089200000000
20201029;0.02958;0.02978;0.02878;0.02926;24526900000000
20201030;0.02926;0.02955;0.0286;0.02878;20319500000000
20201031;0.02878;0.029;0.02807;0.02821;22450200000000
20201101;0.02821;0.02846;0.02785;0.02802;18419400000000
20201102;0.02802;0.029;0.028;0.02882;18541300000000
20201103;0.02883;0.02935;0.02812;0.02826;24815800000000
20201104;0.02827;0.0284;0.02765;0.02766;24172900000000
20201105;0.02766;0.02878;0.02753;0.02846;30580300000000
20201106;0.02846;0.02865;0.02656;0.02673;48205400000000
20201107;0.02673;0.02937;0.02663;0.02926;51318900000000
20201108;0.02926;0.02994;0.0289;0.02937;44786200000000
20201109;0.02937;0.02964;0.02911;0.02936;22589200000000
20201110;0.02935;0.0295;0.02894;0.02899;28759300000000
20201111;0.02899;0.02958;0.02883;0.02944;27840400000000
20201112;0.02944;0.0302;0.02938;0.02953;36281800000000
20201113;0.02952;0.02958;0.02828;0.02838;31778000000000
20201114;0.02839;0.02927;0.0282;0.02919;33743800000000
20201115;0.02919;0.0293;0.02866;0.02868;19308200000000
20201116;0.02868;0.02886;0.02785;0.02809;19300100000000
20201117;0.02808;0.0282;0.02743;0.02755;24267800000000
20201118;0.02755;0.02799;0.02687;0.0273;36126400000000
20201119;0.0273;0.02755;0.02629;0.02691;43682900000000
20201120;0.02691;0.02706;0.0263;0.02647;29038900000000
20201121;0.02647;0.02791;0.02641;0.02734;45424000000000
20201122;0.02734;0.02959;0.02709;0.02954;44731100000000
20201123;0.02954;0.03116;0.02893;0.03041;52349200000000
20201124;0.03041;0.03314;0.03035;0.03313;60735900000000
20201125;0.03313;0.03373;0.03079;0.03157;70580800000000
20201126;0.03157;0.03171;0.02994;0.03041;38813300000000
20201127;0.03042;0.03071;0.02904;0.03032;59948800000000
20201128;0.03031;0.03068;0.02995;0.03026;17742600000000
20201129;0.03026;0.03078;0.03;0.03033;24096700000000
20201130;0.03033;0.0317;0.03025;0.03168;23656300000000
20201201;0.03168;0.03229;0.03064;0.03131;44741400000000
20201202;0.03131;0.03222;0.03012;0.03119;46324100000000
20201203;0.03119;0.03162;0.03097;0.03109;23942900000000
20201204;0.03109;0.03183;0.03096;0.03171;31074200000000
20201205;0.03171;0.03177;0.0304;0.03042;36075500000000
20201206;0.03042;0.03118;0.0303;0.03117;25871400000000
20201207;0.03117;0.03145;0.03091;0.03108;21190800000000
20201208;0.03107;0.03109;0.03069;0.03085;17797800000000
20201209;0.03085;0.03087;0.02994;0.03029;25969800000000
20201210;0.03029;0.03136;0.02988;0.03091;25230200000000
20201211;0.03091;0.03103;0.03047;0.03062;18075300000000
20201212;0.03062;0.03071;0.03009;0.03018;17828800000000
20201213;0.03019;0.03051;0.02988;0.03021;14163400000000
20201214;0.0302;0.03092;0.03;0.03082;16433900000000
20201215;0.03082;0.03088;0.03021;0.03042;13811900000000
20201216;0.03042;0.03057;0.03013;0.0303;15796900000000
20201217;0.03031;0.03037;0.02951;0.02986;28438600000000
20201218;0.02987;0.03035;0.02746;0.02819;48822900000000
20201219;0.02819;0.0288;0.02794;0.02829;24531000000000
20201220;0.02829;0.02863;0.02742;0.02762;27795100000000
20201221;0.02762;0.02796;0.02683;0.02719;21838900000000
20201222;0.0272;0.02731;0.0264;0.02675;21948700000000
20201223;0.02675;0.02704;0.02621;0.02673;26861700000000
20201224;0.02673;0.02677;0.02411;0.0252;39229000000000
20201225;0.02521;0.02598;0.02478;0.02581;28207800000000
20201226;0.02581;0.02613;0.02524;0.02536;26335700000000
20201227;0.02536;0.02551;0.02389;0.02406;31689600000000
20201228;0.02406;0.0265;0.02275;0.02606;73249600000000
20201229;0.02606;0.02767;0.02576;0.02697;61256400000000
20201230;0.02697;0.02738;0.0263;0.02673;27250700000000
20201231;0.02673;0.027;0.02577;0.02605;33250700000000
20210101;0.02604;0.0261;0.02538;0.02546;23125700000000
20210102;0.02546;0.02555;0.0248;0.02485;21830500000000
20210103;0.02485;0.02496;0.02354;0.02406;39230700000000
20210104;0.02406;0.0305;0.02308;0.02964;87998000000000
20210105;0.02964;0.035;0.02893;0.03255;106527700000000
20210106;0.03255;0.03456;0.03109;0.03239;71122800000000
20210107;0.0324;0.03452;0.03132;0.03287;59592800000000
20210108;0.03287;0.03302;0.0309;0.03105;49756600000000
20210109;0.03105;0.03116;0.029;0.02998;49449500000000
20210110;0.02998;0.0322;0.02947;0.03183;42965200000000
20210111;0.03183;0.03387;0.03157;0.03288;56229200000000
20210112;0.03288;0.03306;0.02971;0.0307;77358900000000
20210113;0.03069;0.03215;0.03027;0.03085;40421300000000
20210114;0.03085;0.03137;0.03003;0.03023;31483400000000
20210115;0.03023;0.03152;0.02944;0.03145;39803100000000
20210116;0.03145;0.03258;0.03111;0.03181;43587200000000
20210117;0.0318;0.03483;0.03165;0.03411;37117400000000
20210118;0.03411;0.03488;0.03376;0.0344;31112300000000
20210119;0.0344;0.03464;0.03329;0.03436;29603800000000
20210120;0.03436;0.03888;0.03424;0.03808;65273100000000
20210121;0.03808;0.03899;0.03627;0.03882;50486900000000
20210122;0.03882;0.03905;0.03602;0.03604;48222300000000
20210123;0.03606;0.03845;0.0355;0.0374;38380000000000
20210124;0.0374;0.03916;0.03719;0.03845;29380100000000
20210125;0.03845;0.04336;0.03845;0.04316;46609200000000
20210126;0.04316;0.045;0.04044;0.04085;60840400000000
20210127;0.04085;0.0423;0.04007;0.04206;42232300000000
20210128;0.04206;0.04264;0.04038;0.04084;44359100000000
20210129;0.04083;0.0424;0.03976;0.03984;38391700000000
20210130;0.03984;0.0409;0.03623;0.04028;84338900000000
20210131;0.04028;0.04058;0.0392;0.04022;35110000000000
20210201;0.04022;0.04055;0.03956;0.03966;28180700000000
20210202;0.03966;0.04115;0.03848;0.041;35975300000000
20210203;0.041;0.04333;0.04051;0.04262;62184100000000
20210204;0.04262;0.04447;0.04173;0.04424;49333600000000
20210205;0.04425;0.04473;0.0428;0.04319;46867100000000
20210206;0.0432;0.04618;0.0431;0.04489;42089600000000
20210207;0.04489;0.04524;0.04061;0.04276;62683900000000
20210208;0.04276;0.04317;0.03993;0.04154;40098600000000
20210209;0.04154;0.04229;0.03723;0.03773;55802800000000
20210210;0.03773;0.03888;0.03659;0.03811;54489600000000
20210211;0.03812;0.0398;0.03764;0.03885;46422200000000
20210212;0.03886;0.03918;0.03689;0.03723;36693600000000
20210213;0.03723;0.03936;0.0367;0.0389;39502900000000
20210214;0.03891;0.03929;0.03804;0.0385;28808400000000
20210215;0.0385;0.03883;0.03682;0.03705;30552600000000
20210216;0.03705;0.038;0.03606;0.03713;36113000000000
20210217;0.03713;0.0374;0.0357;0.03625;32320200000000
20210218;0.03626;0.03626;0.03488;0.03549;38654700000000
20210219;0.0355;0.03765;0.03536;0.0376;42580900000000
20210220;0.03762;0.03777;0.03478;0.03498;38260800000000
20210221;0.03498;0.03668;0.03346;0.03425;45202900000000
20210222;0.03425;0.03456;0.03328;0.03367;27937500000000
20210223;0.03368;0.03424;0.032;0.03286;46702000000000
20210224;0.03286;0.03316;0.03008;0.03227;56225700000000
20210225;0.03227;0.03355;0.0319;0.03267;36661000000000
20210226;0.03268;0.0329;0.03106;0.03148;29174700000000
20210227;0.03148;0.03255;0.03113;0.0312;33321200000000
20210228;0.0312;0.03232;0.031;0.03163;28598600000000
20210301;0.03163;0.03173;0.02993;0.03144;33935100000000
20210302;0.03144;0.03213;0.03092;0.03165;33152400000000
20210303;0.03165;0.0322;0.03066;0.03069;35026700000000
20210304;0.0307;0.03189;0.03066;0.03113;31442600000000
20210305;0.03113;0.03227;0.03106;0.03182;30905900000000
20210306;0.03182;0.03196;0.03077;0.03134;31888500000000
20210307;0.03135;0.0345;0.03132;0.03376;39698900000000
20210308;0.03376;0.03434;0.03239;0.03387;32394600000000
20210309;0.03387;0.03528;0.03359;0.035;38202400000000
20210310;0.035;0.03521;0.03345;0.03408;31692200000000
20210311;0.03409;0.03412;0.0317;0.03214;33691500000000
20210312;0.03214;0.03244;0.03139;0.0316;32912500000000
20210313;0.03161;0.03193;0.03044;0.03086;28798800000000
20210314;0.03086;0.03186;0.03062;0.03141;32688900000000
20210315;0.03141;0.03145;0.03086;0.03133;22190800000000
20210316;0.03133;0.03227;0.03072;0.03225;34575200000000
20210317;0.03225;0.03272;0.0315;0.03173;29460100000000
20210318;0.03173;0.03245;0.03091;0.03096;29398100000000
20210319;0.03096;0.03139;0.03041;0.03081;24549500000000
20210320;0.03081;0.03121;0.03068;0.03117;18444700000000
20210321;0.03117;0.03149;0.03094;0.03108;17646900000000
20210322;0.03108;0.03165;0.03081;0.03109;17074700000000
20210323;0.03109;0.03145;0.03057;0.03108;20898300000000
20210324;0.03108;0.0314;0.03051;0.0307;21631700000000
20210325;0.0307;0.03105;0.02934;0.03025;26249400000000
20210326;0.03025;0.03133;0.02993;0.03092;26019700000000
20210327;0.03092;0.03124;0.03028;0.03088;26863700000000
20210328;0.03087;0.03108;0.03036;0.03068;17175900000000
20210329;0.03068;0.0307;0.03021;0.03024;16346400000000
20210330;0.03025;0.03182;0.0302;0.03153;27555100000000
20210331;0.03153;0.03173;0.03102;0.03133;22945600000000
20210401;0.03133;0.03304;0.03091;0.03267;26627600000000
20210402;0.03267;0.0337;0.03242;0.03351;28498000000000
20210403;0.03351;0.0363;0.03314;0.03619;30019800000000
20210404;0.03619;0.03626;0.03458;0.03521;27127400000000
20210405;0.0352;0.03596;0.03492;0.03567;18655900000000
20210406;0.03567;0.0361;0.03521;0.03564;23029400000000
20210407;0.03564;0.0366;0.03561;0.03642;23522300000000
20210408;0.03642;0.03659;0.03471;0.03509;24896200000000
20210409;0.03508;0.03593;0.03497;0.03582;18676200000000
20210410;0.03582;0.03598;0.03528;0.03555;16113700000000
20210411;0.03555;0.03657;0.03547;0.03569;23091100000000
20210412;0.0357;0.0361;0.03541;0.03585;15275200000000
20210413;0.03585;0.03609;0.03516;0.03571;20003100000000
20210414;0.03571;0.0366;0.03488;0.03618;29488200000000
20210415;0.03617;0.0389;0.03608;0.03864;33928800000000
20210416;0.03864;0.04018;0.03834;0.03979;29693900000000
20210417;0.03979;0.04009;0.03805;0.03949;30381700000000
20210418;0.03949;0.04017;0.03856;0.03862;22504500000000
20210419;0.03862;0.03989;0.03705;0.03982;33807200000000
20210420;0.03982;0.04;0.0383;0.03884;19864500000000
20210421;0.03885;0.04144;0.03801;0.0413;29924500000000
20210422;0.0413;0.04403;0.041;0.04382;37698500000000
20210423;0.04382;0.0482;0.04348;0.04639;56912500000000
20210424;0.04639;0.04703;0.0435;0.04632;45498800000000
20210425;0.04632;0.04632;0.0441;0.04422;16421400000000
20210426;0.04422;0.04735;0.04371;0.0473;18327900000000
20210427;0.04728;0.04801;0.046;0.04689;20681300000000
20210428;0.0469;0.04868;0.04644;0.04846;18450900000000
20210429;0.04846;0.05034;0.04752;0.05011;26007800000000
20210430;0.05011;0.0519;0.0495;0.05149;24218600000000
20210501;0.05149;0.05167;0.0477;0.04805;29521800000000
20210502;0.04805;0.05121;0.04731;0.05095;25131900000000
20210503;0.05094;0.05268;0.05077;0.05213;18833500000000
20210504;0.05213;0.0602;0.05183;0.05999;42933300000000
20210505;0.06002;0.06441;0.05732;0.06089;52410500000000
20210506;0.0609;0.062;0.057;0.06136;37109800000000
20210507;0.06136;0.0631;0.0596;0.06188;26326300000000
20210508;0.06188;0.06217;0.06012;0.0607;21011800000000
20210509;0.0607;0.0673;0.05979;0.06643;37397600000000
20210510;0.06644;0.0689;0.06532;0.06738;29690500000000
20210511;0.06738;0.07338;0.06574;0.07072;42070700000000
20210512;0.07071;0.0737;0.06894;0.07364;25698200000000
20210513;0.07364;0.0801;0.07272;0.07697;39922000000000
20210514;0.07693;0.07976;0.07343;0.07489;44882900000000
20210515;0.07489;0.08207;0.07445;0.08177;28287000000000
20210516;0.08177;0.0824;0.07753;0.07798;25068200000000
20210517;0.07796;0.08022;0.0744;0.07715;29250500000000
20210518;0.07715;0.07879;0.07401;0.07538;30230300000000
20210519;0.07539;0.0798;0.07498;0.07876;23856500000000
20210520;0.07876;0.07943;0.061;0.06654;80409900000000
20210521;0.06656;0.0707;0.06094;0.0683;44893500000000
20210522;0.06831;0.07036;0.0627;0.06525;38612100000000
20210523;0.06524;0.06556;0.05994;0.06127;34744900000000
20210524;0.06127;0.06259;0.05533;0.06048;52305200000000
20210525;0.06048;0.06846;0.05988;0.06822;41985800000000
20210526;0.06827;0.071;0.06484;0.07057;33245100000000
20210527;0.07057;0.07358;0.0693;0.07353;27240700000000
20210528;0.07353;0.07374;0.07037;0.07119;19046900000000
20210529;0.07119;0.07159;0.067;0.06766;26150800000000
20210530;0.06765;0.07011;0.06505;0.06585;22976000000000
20210531;0.06586;0.06847;0.06511;0.06693;18692500000000
20210601;0.06693;0.07276;0.06601;0.07267;25394000000000
20210602;0.07267;0.07286;0.07036;0.07179;18170100000000
20210603;0.07179;0.07353;0.07089;0.07203;15424700000000
20210604;0.07203;0.07372;0.07157;0.07281;16338400000000
20210605;0.0728;0.0736;0.07109;0.073;15073600000000
20210606;0.07301;0.075;0.0726;0.07399;14366300000000
20210607;0.07399;0.07596;0.07363;0.07574;12062300000000
20210608;0.07575;0.07759;0.07548;0.07724;16376100000000
20210609;0.07725;0.07757;0.07431;0.07512;18214300000000
20210610;0.07512;0.07531;0.06931;0.06982;23834800000000
20210611;0.06981;0.06992;0.0669;0.0674;17660000000000
20210612;0.06738;0.0675;0.06272;0.06306;16263500000000
20210613;0.06306;0.06818;0.06279;0.0667;18546600000000
20210614;0.06669;0.0676;0.06354;0.06431;14279600000000
20210615;0.06431;0.06465;0.06239;0.0637;16330700000000
20210616;0.0637;0.0652;0.06297;0.06335;14934700000000
20210617;0.06335;0.0634;0.06142;0.06176;12016200000000
20210618;0.06176;0.06279;0.06096;0.0623;11429000000000
20210619;0.0623;0.06247;0.06031;0.06236;13140600000000
20210620;0.06236;0.06315;0.06101;0.06101;11000000000000
20210621;0.06101;0.06355;0.06083;0.06303;13964300000000
20210622;0.06303;0.06358;0.05893;0.05965;23271800000000
20210623;0.05965;0.06099;0.05743;0.05781;23485200000000
20210624;0.05779;0.0596;0.057;0.05845;15733200000000
20210625;0.05845;0.0588;0.05696;0.0574;22323700000000
20210626;0.0574;0.05839;0.05527;0.05729;18539800000000
20210627;0.05729;0.05756;0.05601;0.05668;15132200000000
20210628;0.05668;0.05733;0.0552;0.05712;14834700000000
20210629;0.05712;0.062;0.05694;0.06043;24405300000000
20210630;0.06042;0.062;0.06016;0.06029;15898700000000
20210701;0.0603;0.0655;0.05997;0.06493;16006000000000
20210702;0.06492;0.06499;0.06267;0.06287;12407500000000
20210703;0.06287;0.06408;0.06151;0.06376;11088700000000
20210704;0.06376;0.0645;0.06335;0.06423;10048400000000
20210705;0.06423;0.06663;0.06366;0.06582;10941700000000
20210706;0.06581;0.06695;0.06473;0.06518;11092800000000
20210707;0.0652;0.06857;0.06508;0.06786;12484200000000
20210708;0.06786;0.06914;0.06742;0.0684;11714400000000
20210709;0.06841;0.06889;0.06414;0.06437;15155700000000
20210710;0.06437;0.06512;0.06301;0.06349;13523000000000
20210711;0.06349;0.06411;0.06202;0.063;9876400000000
20210712;0.063;0.06374;0.06236;0.06249;7661400000000
20210713;0.06248;0.063;0.06103;0.0614;10317400000000
20210714;0.0614;0.06157;0.05928;0.0593;10789100000000
20210715;0.05929;0.0614;0.0584;0.06077;12520100000000
20210716;0.06076;0.06216;0.05969;0.06023;10849000000000
20210717;0.06022;0.06138;0.05911;0.05979;9094500000000
20210718;0.05979;0.06027;0.05908;0.06026;7468800000000
20210719;0.06026;0.06212;0.05939;0.05952;12929800000000
20210720;0.05952;0.06024;0.0587;0.05897;8726000000000
20210721;0.05897;0.06067;0.05779;0.05995;12731100000000
20210722;0.05995;0.0625;0.05947;0.06209;14345400000000
20210723;0.06209;0.06293;0.06138;0.0627;13537600000000
20210724;0.0627;0.06384;0.06223;0.06316;12123300000000
20210725;0.06316;0.06408;0.06282;0.06377;10878100000000
20210726;0.06378;0.06387;0.06188;0.06191;9196000000000
20210727;0.0619;0.06255;0.05867;0.05983;22827400000000
20210728;0.05982;0.06035;0.05827;0.05828;15368600000000
20210729;0.05827;0.05844;0.05703;0.05748;15143400000000
20210730;0.05749;0.05978;0.0572;0.05955;12090800000000
20210731;0.05955;0.06097;0.05831;0.05833;16418800000000
20210801;0.05833;0.06112;0.0581;0.06104;10403800000000
20210802;0.06104;0.06505;0.06103;0.06411;16490300000000
20210803;0.06412;0.06705;0.06356;0.06659;13899500000000
20210804;0.0666;0.06673;0.06383;0.06567;15045000000000
20210805;0.06567;0.06935;0.06524;0.06859;15245600000000
20210806;0.06859;0.07324;0.06713;0.06918;25531100000000
20210807;0.06919;0.06965;0.0666;0.0675;16314100000000
20210808;0.06751;0.07154;0.06703;0.0709;18871500000000
20210809;0.07091;0.07133;0.06789;0.06876;13407900000000
20210810;0.06877;0.0691;0.06688;0.06832;16533500000000
20210811;0.06834;0.07042;0.06767;0.06891;12461500000000
20210812;0.06891;0.07038;0.06867;0.06944;12254200000000
20210813;0.06944;0.07031;0.06766;0.0686;11697500000000
20210814;0.0686;0.07033;0.06848;0.06951;10777800000000
20210815;0.06951;0.06995;0.06907;0.06933;9150800000000
20210816;0.06933;0.07049;0.06813;0.07041;12018200000000
20210817;0.07041;0.07056;0.06851;0.06856;11865900000000
20210818;0.06855;0.06995;0.06722;0.06739;13808100000000
20210819;0.06739;0.06804;0.06656;0.06745;11919500000000
20210820;0.06744;0.06821;0.06597;0.0681;12221400000000
20210821;0.06809;0.06876;0.06623;0.0666;13726200000000
20210822;0.0666;0.06754;0.06556;0.06602;8699300000000
20210823;0.06602;0.06649;0.06487;0.06575;9354300000000
20210824;0.06576;0.06767;0.06541;0.06711;12850500000000
20210825;0.06711;0.06764;0.0658;0.0665;10748600000000
20210826;0.0665;0.06681;0.06523;0.06589;9746600000000
20210827;0.06589;0.06666;0.06543;0.06603;9991600000000
20210828;0.06603;0.06743;0.0657;0.06673;12518900000000
20210829;0.06671;0.06687;0.06597;0.06637;9472500000000
20210830;0.06636;0.06659;0.06564;0.0661;8874800000000
20210831;0.0661;0.06916;0.06575;0.06873;16077900000000
20210901;0.06873;0.07293;0.06829;0.07281;21269000000000
20210902;0.07281;0.0786;0.07246;0.0784;20432400000000
20210903;0.0784;0.07841;0.07452;0.07687;18151000000000
20210904;0.07687;0.07955;0.0764;0.07877;17416400000000
20210905;0.07878;0.0793;0.07705;0.07783;12607300000000
20210906;0.07784;0.07877;0.07598;0.07632;12679500000000
20210907;0.07631;0.07681;0.07443;0.07455;11372600000000
20210908;0.07455;0.07522;0.06951;0.07327;23894500000000
20210909;0.07327;0.07637;0.07216;0.07597;16103500000000
20210910;0.07597;0.07666;0.07369;0.07382;12182000000000
20210911;0.07383;0.07476;0.07087;0.07155;10553200000000
20210912;0.07156;0.07316;0.07149;0.07233;6865600000000
20210913;0.07233;0.07525;0.07205;0.07398;8584400000000
20210914;0.07397;0.07412;0.0713;0.0731;12177200000000
20210915;0.0731;0.07371;0.07159;0.0729;8625100000000
20210916;0.07291;0.0751;0.07166;0.07509;11667700000000
20210917;0.0751;0.07614;0.07402;0.07473;10287100000000
20210918;0.07473;0.07491;0.07144;0.07186;10717400000000
20210919;0.07186;0.07275;0.0706;0.07114;8625500000000
20210920;0.07114;0.07172;0.06979;0.07045;8219100000000
20210921;0.07046;0.07096;0.06866;0.0692;11767600000000
20210922;0.0692;0.0712;0.067;0.06791;13315000000000
20210923;0.06792;0.07068;0.06741;0.07066;10115700000000
20210924;0.07066;0.07127;0.06984;0.07026;8355900000000
20210925;0.07026;0.0703;0.06652;0.06839;13538800000000
20210926;0.0684;0.06918;0.06729;0.06848;7749200000000
20210927;0.06848;0.07118;0.06667;0.07088;11431600000000
20210928;0.07088;0.07166;0.06917;0.0694;7935000000000
20210929;0.0694;0.06994;0.06797;0.06838;8461400000000
20210930;0.06837;0.06948;0.06794;0.06864;6298400000000
20211001;0.06864;0.06976;0.06835;0.06847;7500400000000
20211002;0.06847;0.06969;0.0674;0.06875;9288300000000
20211003;0.06875;0.07195;0.06844;0.0711;9104700000000
20211004;0.07111;0.07176;0.07027;0.07091;6445300000000
20211005;0.0709;0.07101;0.06871;0.06879;8642700000000
20211006;0.06879;0.06916;0.06795;0.06829;9372100000000
20211007;0.06829;0.06881;0.06441;0.06462;13916600000000
20211008;0.06462;0.06723;0.064;0.0667;10453800000000
20211009;0.0667;0.067;0.065;0.06604;8332400000000
20211010;0.06604;0.06614;0.06498;0.06505;5415800000000
20211011;0.06505;0.06512;0.06245;0.06246;8663700000000
20211012;0.06246;0.064;0.06085;0.06162;10948600000000
20211013;0.06162;0.06341;0.05993;0.06235;11556600000000
20211014;0.06234;0.06324;0.0612;0.06287;9234000000000
20211015;0.06287;0.06686;0.06202;0.06611;15966600000000
20211016;0.06611;0.0662;0.06194;0.06273;15562900000000
20211017;0.06273;0.06452;0.06193;0.06291;10926100000000
20211018;0.06291;0.06443;0.06177;0.06253;9568000000000
20211019;0.06253;0.06271;0.0602;0.06039;10163200000000
20211020;0.0604;0.06142;0.05932;0.06031;10630300000000
20211021;0.06031;0.06337;0.05964;0.06306;14170500000000
20211022;0.06306;0.0663;0.0629;0.06515;21917900000000
20211023;0.06516;0.06596;0.06469;0.06545;9703500000000
20211024;0.06545;0.06808;0.06518;0.068;7807200000000
20211025;0.068;0.06816;0.0661;0.06708;7586500000000
20211026;0.06708;0.06724;0.06527;0.0669;8364100000000
20211027;0.0669;0.0694;0.06676;0.06849;8318700000000
20211028;0.06849;0.0704;0.06696;0.06715;13546700000000
20211029;0.06715;0.07139;0.067;0.07078;12345100000000
20211030;0.07078;0.0718;0.07019;0.07099;9810200000000
20211031;0.07099;0.0711;0.06939;0.06986;5577100000000
20211101;0.06986;0.07124;0.06913;0.06994;8652600000000
20211102;0.06994;0.0714;0.06913;0.07092;7713800000000
20211103;0.07092;0.07308;0.06999;0.07259;8859200000000
20211104;0.0726;0.075;0.07222;0.07319;9056600000000
20211105;0.07318;0.07397;0.07261;0.07383;6850400000000
20211106;0.07382;0.07386;0.07281;0.07341;5737800000000
20211107;0.07341;0.07376;0.072;0.07348;5420200000000
20211108;0.0735;0.07477;0.07288;0.0729;5566700000000
20211109;0.0729;0.07293;0.0709;0.0712;10430700000000
20211110;0.0712;0.07181;0.07023;0.07069;7857400000000
20211111;0.07069;0.07177;0.0701;0.07136;9587200000000
20211112;0.07135;0.07344;0.07108;0.07285;7338100000000
20211113;0.07285;0.07371;0.07151;0.07276;7328500000000
20211114;0.07276;0.07307;0.072;0.07213;3923700000000
20211115;0.07213;0.07214;0.07053;0.07061;5777900000000
20211116;0.07061;0.0726;0.07036;0.07174;7054200000000
20211117;0.07174;0.07194;0.06955;0.07007;9615900000000
20211118;0.07007;0.07116;0.0694;0.07107;8841300000000
20211119;0.07107;0.07163;0.06969;0.07025;9172200000000
20211120;0.07025;0.07433;0.07004;0.07397;10033200000000
20211121;0.07398;0.07442;0.073;0.0739;6541600000000
20211122;0.0739;0.07421;0.0725;0.07266;5220400000000
20211123;0.07265;0.0735;0.07219;0.07264;7041400000000
20211124;0.07264;0.076;0.0724;0.07541;9604200000000
20211125;0.07541;0.076;0.07402;0.07473;6790400000000
20211126;0.07473;0.07684;0.07417;0.07673;9232100000000
20211127;0.07674;0.077;0.07311;0.07522;10308700000000
20211128;0.07523;0.07601;0.07463;0.07483;4528800000000
20211129;0.07483;0.07576;0.07409;0.07498;5512500000000
20211130;0.07498;0.07698;0.0749;0.07692;6807400000000
20211201;0.07692;0.08148;0.07685;0.0813;13027700000000
20211202;0.0813;0.08352;0.07962;0.08015;10912400000000
20211203;0.08015;0.08089;0.07876;0.07989;7924800000000
20211204;0.07989;0.08105;0.07739;0.07866;9042500000000
20211205;0.07866;0.0845;0.07785;0.08376;19717900000000
20211206;0.08376;0.08574;0.08354;0.08495;8953000000000
20211207;0.08496;0.08733;0.08275;0.08618;9293700000000
20211208;0.08619;0.08635;0.08425;0.08511;6010700000000
20211209;0.08511;0.088;0.08502;0.08791;7790700000000
20211210;0.08791;0.08837;0.08597;0.08636;6982400000000
20211211;0.08636;0.0866;0.08248;0.08269;9818400000000
20211212;0.0827;0.08373;0.08152;0.08281;5662700000000
20211213;0.08281;0.08286;0.081;0.0825;5960800000000
20211214;0.08251;0.08256;0.07995;0.08098;8416400000000
20211215;0.08098;0.08154;0.07934;0.07983;8794900000000
20211216;0.07983;0.08322;0.0783;0.08226;9686300000000
20211217;0.08225;0.08486;0.08198;0.08308;9231700000000
20211218;0.08309;0.0841;0.08045;0.08401;9658800000000
20211219;0.08401;0.08515;0.08271;0.08455;6220900000000
20211220;0.08455;0.08467;0.08258;0.08405;4830300000000
20211221;0.08406;0.08461;0.082;0.08408;6263100000000
20211222;0.08408;0.08476;0.08171;0.08212;5932300000000
20211223;0.08212;0.08289;0.08116;0.08189;4838700000000
20211224;0.0819;0.08237;0.08059;0.0809;6746200000000
20211225;0.0809;0.08101;0.07936;0.07961;4587300000000
20211226;0.07961;0.08152;0.0793;0.08123;4242600000000
20211227;0.08124;0.08159;0.07978;0.08003;3321800000000
20211228;0.08004;0.08033;0.0792;0.07963;4482200000000
20211229;0.07963;0.08047;0.07901;0.07977;5840800000000
20211230;0.07977;0.08002;0.0781;0.07812;7144800000000
20211231;0.07813;0.07925;0.07795;0.07872;4640400000000
20220101;0.07872;0.07981;0.07839;0.07955;5314700000000
20220102;0.07954;0.07989;0.07852;0.07891;3529700000000
20220103;0.07891;0.08122;0.0789;0.08096;4519700000000
20220104;0.08096;0.08148;0.08036;0.08107;5356400000000
20220105;0.08107;0.08292;0.08074;0.08259;6002400000000
20220106;0.08259;0.08259;0.08023;0.08149;6373600000000
20220107;0.08146;0.08146;0.07765;0.07907;8861600000000
20220108;0.07907;0.07919;0.07538;0.07694;10190200000000
20220109;0.07695;0.07709;0.07347;0.07392;6849800000000
20220110;0.07392;0.07555;0.07375;0.07529;5857200000000
20220111;0.07529;0.07555;0.0729;0.07371;7418300000000
20220112;0.07371;0.07617;0.07331;0.07583;5689800000000
20220113;0.07583;0.07741;0.07545;0.07679;6104400000000
20220114;0.07679;0.07695;0.0761;0.07615;5105600000000
20220115;0.07615;0.07712;0.07595;0.07681;4370200000000
20220116;0.07681;0.07777;0.07661;0.07721;3350700000000
20220117;0.0772;0.07809;0.07679;0.0777;3703300000000
20220118;0.0777;0.0778;0.0755;0.07605;5230200000000
20220119;0.07605;0.07648;0.07444;0.0746;5531900000000
20220120;0.07461;0.0749;0.0738;0.07403;5291600000000
20220121;0.07403;0.07544;0.07366;0.07378;5420900000000
20220122;0.07379;0.07407;0.0688;0.07044;14055800000000
20220123;0.07045;0.07168;0.06734;0.06878;14196000000000
20220124;0.06878;0.07083;0.06829;0.07006;8993600000000
20220125;0.07006;0.07011;0.06467;0.06655;15466800000000
20220126;0.06654;0.06709;0.06561;0.06652;7760200000000
20220127;0.06653;0.06994;0.06558;0.06692;11540800000000
20220128;0.06692;0.068;0.06471;0.06523;8436600000000
20220129;0.06524;0.06768;0.06446;0.06748;8092900000000
20220130;0.06748;0.0687;0.06703;0.06817;5439100000000
20220131;0.06816;0.06922;0.06762;0.06868;4486500000000
20220201;0.06867;0.07021;0.06722;0.06985;6794900000000
20220202;0.06985;0.07219;0.06972;0.07203;7406000000000
20220203;0.07203;0.07328;0.07086;0.07261;7110000000000
20220204;0.07263;0.0736;0.07084;0.07225;5886900000000
20220205;0.07225;0.07508;0.0716;0.07205;9536300000000
20220206;0.07203;0.07317;0.07142;0.07281;5304800000000
20220207;0.0728;0.07304;0.07155;0.0721;3219300000000
20220208;0.07209;0.07257;0.07107;0.07162;5716000000000
20220209;0.07162;0.07178;0.07033;0.07077;6247400000000
20220210;0.07077;0.07327;0.07054;0.0731;6196600000000
20220211;0.0731;0.07341;0.07016;0.07064;7300200000000
20220212;0.07064;0.07166;0.06836;0.06909;5076800000000
20220213;0.06909;0.06989;0.06818;0.06914;4719800000000
20220214;0.06913;0.06934;0.06773;0.06826;3071000000000
20220215;0.06827;0.06942;0.06785;0.06887;4043000000000
20220216;0.06888;0.0717;0.0685;0.07147;5157600000000
20220217;0.07147;0.07192;0.07012;0.07116;4336200000000
20220218;0.07116;0.07159;0.0699;0.07137;5272900000000
20220219;0.07137;0.072;0.0691;0.06952;5527300000000
20220220;0.06953;0.07039;0.06802;0.06896;4224100000000
20220221;0.06896;0.06955;0.06738;0.0683;5121400000000
20220222;0.06829;0.07045;0.06817;0.06939;7037100000000
20220223;0.06939;0.06997;0.06805;0.06896;5600300000000
20220224;0.06896;0.07078;0.06868;0.06925;5124200000000
20220225;0.06925;0.0703;0.06666;0.06775;11511700000000
20220226;0.06776;0.07168;0.06739;0.07059;7546100000000
20220227;0.07059;0.07213;0.07052;0.07105;5760400000000
20220228;0.07105;0.07171;0.0689;0.06942;7229300000000
20220301;0.06942;0.07002;0.06656;0.06767;8755700000000
20220302;0.06767;0.06824;0.06582;0.067;8173100000000
20220303;0.067;0.06841;0.06636;0.06714;7496300000000
20220304;0.06714;0.06744;0.06594;0.06676;6987000000000
20220305;0.06675;0.06713;0.06513;0.06698;8692400000000
20220306;0.06698;0.06803;0.0669;0.06766;5751400000000
20220307;0.06766;0.06813;0.06638;0.0664;5841000000000
20220308;0.0664;0.06752;0.06528;0.06557;8594200000000
20220309;0.06557;0.06676;0.06547;0.06651;7525700000000
20220310;0.06651;0.06694;0.0641;0.06502;9225000000000
20220311;0.06502;0.06658;0.06468;0.06612;7473500000000
20220312;0.06612;0.0669;0.06575;0.06602;7458200000000
20220313;0.06602;0.06658;0.06584;0.0662;3602600000000
20220314;0.0662;0.06675;0.06572;0.06659;4667600000000
20220315;0.06659;0.06722;0.06484;0.06528;7754000000000
20220316;0.06528;0.06704;0.06521;0.06664;7388700000000
20220317;0.06664;0.06756;0.06547;0.06747;9959200000000
20220318;0.06747;0.06934;0.06693;0.06873;7498000000000
20220319;0.06873;0.07096;0.06816;0.07038;9591700000000
20220320;0.07038;0.07104;0.06937;0.06992;5486300000000
20220321;0.06992;0.07011;0.06882;0.06935;4716300000000
20220322;0.06935;0.0718;0.06915;0.07049;6717400000000
20220323;0.07049;0.07145;0.06996;0.07009;8263300000000
20220324;0.07009;0.07122;0.06968;0.0708;7188500000000
20220325;0.0708;0.07146;0.07031;0.07072;8221200000000
20220326;0.07072;0.07143;0.06976;0.07001;9236100000000
20220327;0.07001;0.07077;0.0698;0.07065;3590100000000
20220328;0.07065;0.07096;0.06974;0.07038;5936500000000
20220329;0.07038;0.0714;0.06974;0.07073;7429900000000
20220330;0.07073;0.07254;0.07069;0.07169;6785000000000
20220331;0.07169;0.07228;0.0712;0.07193;5385100000000
20220401;0.07193;0.07257;0.07149;0.0721;9495400000000
20220402;0.0721;0.07489;0.07204;0.07466;10480900000000
20220403;0.07466;0.07585;0.07434;0.07516;8218800000000
20220404;0.07518;0.07596;0.07487;0.07589;6102600000000
20220405;0.07589;0.0762;0.07494;0.07555;8332500000000
20220406;0.07555;0.07569;0.07472;0.07488;6784800000000
20220407;0.07488;0.07491;0.0731;0.0734;11816200000000
20220408;0.0734;0.07455;0.07327;0.07429;8163000000000
20220409;0.07429;0.076;0.07421;0.07555;9600500000000
20220410;0.07555;0.07658;0.07539;0.07622;4211100000000
20220411;0.07622;0.07682;0.07588;0.07597;4466000000000
20220412;0.07597;0.07608;0.0731;0.07538;12277700000000
20220413;0.07538;0.076;0.07497;0.07554;9111500000000
20220414;0.07555;0.07635;0.07492;0.07579;8261300000000
20220415;0.07579;0.07594;0.07487;0.07566;7000700000000
20220416;0.07566;0.07577;0.07477;0.07498;5200600000000
20220417;0.07498;0.07589;0.0749;0.07576;3765000000000
20220418;0.07577;0.07633;0.07523;0.0753;5477300000000
20220419;0.0753;0.07538;0.07357;0.07489;9346100000000
20220420;0.07489;0.07532;0.07449;0.07476;6768700000000
20220421;0.07476;0.07507;0.07414;0.07439;7087700000000
20220422;0.07439;0.07444;0.07331;0.07371;9186800000000
20220423;0.07371;0.07519;0.07366;0.0746;7416900000000
20220424;0.0746;0.07492;0.07411;0.07436;3704700000000
20220425;0.07436;0.07482;0.07394;0.07404;4031300000000
20220426;0.07404;0.07503;0.07284;0.07437;10580600000000
20220427;0.07437;0.07492;0.07326;0.07372;8672700000000
20220428;0.07372;0.07447;0.07324;0.07364;6966300000000
20220429;0.07364;0.07422;0.07304;0.0739;8062800000000
20220430;0.0739;0.07411;0.07265;0.07299;8606100000000
20220501;0.07299;0.07347;0.07223;0.07246;5765400000000
20220502;0.07246;0.07374;0.0724;0.07344;6986500000000
20220503;0.07344;0.07435;0.0723;0.07415;9313700000000
20220504;0.07415;0.07422;0.07339;0.07372;6977300000000
20220505;0.07372;0.07433;0.07273;0.07409;9350700000000
20220506;0.07409;0.07571;0.0738;0.07517;11299100000000
20220507;0.07517;0.07552;0.07405;0.07477;9571300000000
20220508;0.07477;0.0754;0.07412;0.07429;7656300000000
20220509;0.07429;0.07483;0.0731;0.07402;13974700000000
20220510;0.07402;0.07441;0.0721;0.07412;23401800000000
20220511;0.07411;0.07632;0.07352;0.07552;22551700000000
20220512;0.0755;0.07687;0.07151;0.07166;26784800000000
20220513;0.07166;0.07269;0.0663;0.06752;30324000000000
20220514;0.06752;0.06955;0.06733;0.06862;17502600000000
20220515;0.06863;0.06952;0.06782;0.06835;9240500000000
20220516;0.06835;0.06929;0.06761;0.06848;9701800000000
20220517;0.06848;0.06859;0.06731;0.06773;15482700000000
20220518;0.06774;0.06902;0.0677;0.06867;11983900000000
20220519;0.06867;0.06893;0.06657;0.06669;18117600000000
20220520;0.06669;0.0672;0.06614;0.06661;23031200000000
20220521;0.06661;0.0676;0.06648;0.06709;17044400000000
20220522;0.06709;0.06749;0.06684;0.06708;5733400000000
20220523;0.06708;0.06761;0.06699;0.06744;11126000000000
20220524;0.06744;0.06835;0.0672;0.06779;18720600000000
20220525;0.06779;0.06799;0.06641;0.06673;5069800000000
20220526;0.06674;0.06703;0.06562;0.06576;8526400000000
20220527;0.06576;0.06588;0.06129;0.06137;19891100000000
20220528;0.06137;0.06232;0.05979;0.06033;24657300000000
20220529;0.06033;0.06222;0.06016;0.06173;14607800000000
20220530;0.06173;0.06196;0.06106;0.06154;9079900000000
20220531;0.06154;0.0631;0.06144;0.06299;14981500000000
20220601;0.06299;0.06327;0.06096;0.06106;15763400000000
20220602;0.06106;0.06192;0.06013;0.06099;25198100000000
20220603;0.06099;0.06144;0.05991;0.06023;21554700000000
20220604;0.06023;0.06027;0.05891;0.05976;20972800000000
20220605;0.05977;0.06061;0.05924;0.06042;10670700000000
20220606;0.06042;0.06083;0.06002;0.06037;11193700000000
20220607;0.06037;0.06101;0.05902;0.05928;22693000000000
20220608;0.05928;0.05989;0.05758;0.05826;42830500000000
20220609;0.05826;0.05966;0.05811;0.05932;36686800000000
20220610;0.05932;0.05983;0.0591;0.05941;23755200000000
20220611;0.05941;0.05966;0.05701;0.05716;34661800000000
20220612;0.05716;0.05753;0.05301;0.05392;42637800000000
20220613;0.05393;0.05477;0.05233;0.054;57110500000000
20220614;0.054;0.05418;0.04908;0.05379;84012200000000
20220615;0.05379;0.05562;0.05105;0.05457;49029000000000
20220616;0.05461;0.05573;0.05035;0.05481;56390000000000
20220617;0.05481;0.05517;0.05195;0.05237;28561400000000
20220618;0.05237;0.0533;0.05174;0.0531;22561300000000
20220619;0.0531;0.0531;0.04992;0.05244;32124400000000
20220620;0.05244;0.05603;0.05154;0.05485;22960500000000
20220621;0.05485;0.05582;0.05352;0.05483;30105700000000
20220622;0.05483;0.05522;0.05357;0.05433;22579600000000
20220623;0.05433;0.05444;0.05251;0.05254;21650500000000
20220624;0.05254;0.0547;0.0525;0.05423;21354200000000
20220625;0.05423;0.0583;0.05422;0.05768;24143200000000
20220626;0.05769;0.05851;0.05636;0.0578;16434000000000
20220627;0.0578;0.05916;0.0569;0.05694;18417000000000
20220628;0.05694;0.05814;0.05691;0.0575;17691500000000
20220629;0.05748;0.05857;0.05623;0.05641;21145200000000
20220630;0.05641;0.05676;0.0544;0.05467;32798600000000
20220701;0.05467;0.0549;0.05307;0.05371;29819900000000
20220702;0.05372;0.05554;0.05323;0.05496;24881300000000
20220703;0.05496;0.0556;0.0541;0.05542;14876700000000
20220704;0.05542;0.05609;0.0549;0.05561;14744500000000
20220705;0.05561;0.05729;0.05478;0.05688;21495200000000
20220706;0.05688;0.0575;0.05572;0.05614;23604100000000
20220707;0.05614;0.05835;0.05592;0.0577;23295500000000
20220708;0.0577;0.05877;0.05674;0.05721;21318400000000
20220709;0.05722;0.05736;0.05594;0.05622;24038700000000
20220710;0.05622;0.05661;0.05604;0.05637;9633700000000
20220711;0.05637;0.05674;0.05541;0.056;13115900000000
20220712;0.056;0.05635;0.05466;0.05492;10787000000000
20220713;0.05492;0.055;0.05346;0.05372;12368200000000
20220714;0.05372;0.05523;0.0532;0.05511;17991200000000
20220715;0.05511;0.05843;0.05452;0.05795;14535900000000
20220716;0.05796;0.06072;0.05777;0.0591;15616400000000
20220717;0.05911;0.06639;0.05795;0.06397;14261900000000
20220718;0.06397;0.06525;0.0628;0.06436;11125000000000
20220719;0.06437;0.07082;0.06434;0.07047;19792100000000
20220720;0.07047;0.07099;0.06566;0.06593;21089700000000
20220721;0.06593;0.06788;0.06481;0.06552;15429500000000
20220722;0.06552;0.06895;0.06453;0.06805;11774200000000
20220723;0.06805;0.07028;0.0673;0.06768;11909600000000
20220724;0.06768;0.06954;0.06749;0.06898;7952100000000
20220725;0.06898;0.07233;0.06898;0.07077;11356700000000
20220726;0.07077;0.07101;0.06746;0.0676;13060100000000
20220727;0.0676;0.06831;0.06514;0.06818;11718600000000
20220728;0.06818;0.07166;0.06753;0.07126;11730600000000
20220729;0.07126;0.0739;0.07015;0.07232;11090800000000
20220730;0.07232;0.07322;0.07054;0.07242;9513900000000
20220731;0.07242;0.07258;0.06983;0.07178;7454300000000
20220801;0.07178;0.07281;0.0712;0.07205;6254000000000
20220802;0.07205;0.07267;0.06984;0.07007;7351600000000
20220803;0.07007;0.07185;0.06879;0.07096;10326200000000
20220804;0.07096;0.07138;0.07;0.07092;10865200000000
20220805;0.07092;0.07183;0.07008;0.07108;11087400000000
20220806;0.07108;0.07469;0.07098;0.07451;11545100000000
20220807;0.07451;0.07508;0.07332;0.07365;7889300000000
20220808;0.07365;0.0741;0.07294;0.07337;5766700000000
20220809;0.07337;0.07498;0.07253;0.07464;8364600000000
20220810;0.07463;0.07493;0.07279;0.07355;8369000000000
20220811;0.07355;0.078;0.07293;0.07739;13751800000000
20220812;0.07739;0.07874;0.07666;0.07855;10803500000000
20220813;0.07855;0.0805;0.07815;0.08026;9475300000000
20220814;0.08026;0.08165;0.07974;0.08115;8912900000000
20220815;0.08115;0.08142;0.07893;0.07962;7075400000000
20220816;0.07962;0.08062;0.07827;0.07883;10036500000000
20220817;0.07883;0.07952;0.07792;0.07867;8601800000000
20220818;0.07867;0.08008;0.07792;0.07858;10816800000000
20220819;0.07859;0.0803;0.07822;0.07961;8354800000000
20220820;0.07961;0.08097;0.077;0.07723;15575900000000
20220821;0.07723;0.07772;0.07334;0.07455;13690700000000
20220822;0.07455;0.07606;0.07418;0.0752;10694900000000
20220823;0.0752;0.07604;0.07313;0.07592;11367400000000
20220824;0.07591;0.07748;0.07458;0.07736;9107100000000
20220825;0.07736;0.07803;0.07575;0.07753;8095100000000
20220826;0.07752;0.07938;0.07748;0.07863;7497400000000
20220827;0.07863;0.07867;0.07396;0.07451;13739700000000
20220828;0.07451;0.07477;0.07297;0.07442;12487100000000
20220829;0.07442;0.07501;0.07286;0.07296;8150500000000
20220830;0.07296;0.07688;0.07274;0.0765;10653000000000
20220831;0.0765;0.07827;0.07529;0.07696;13700700000000
20220901;0.07696;0.07925;0.07689;0.07752;11705700000000
20220902;0.07752;0.07923;0.07681;0.07878;10911700000000
20220903;0.07878;0.08077;0.07808;0.07896;9130300000000
20220904;0.07896;0.07896;0.07766;0.07853;4466900000000
20220905;0.07853;0.0794;0.07837;0.07895;3975900000000
20220906;0.07895;0.08203;0.07894;0.08172;9943800000000
20220907;0.08172;0.08481;0.08161;0.08296;13080000000000
20220908;0.08296;0.08562;0.08021;0.08449;10719700000000
20220909;0.08449;0.08554;0.0837;0.08465;8450100000000
20220910;0.08465;0.08495;0.08009;0.08044;12488600000000
20220911;0.08044;0.08219;0.08023;0.08196;7053500000000
20220912;0.08196;0.08227;0.0798;0.08091;8078100000000
20220913;0.08091;0.08094;0.07634;0.07664;13118600000000
20220914;0.07664;0.0799;0.07511;0.07805;18770700000000
20220915;0.07805;0.08104;0.07742;0.08099;13624900000000
20220916;0.08099;0.0817;0.07427;0.07475;21126500000000
20220917;0.07475;0.07496;0.07227;0.07241;11351900000000
20220918;0.07241;0.07347;0.07133;0.07303;9435300000000
20220919;0.07303;0.07306;0.06812;0.06872;10792400000000
20220920;0.06872;0.07098;0.06833;0.07043;11812400000000
20220921;0.07043;0.07175;0.06967;0.0701;9445400000000
20220922;0.07009;0.07135;0.06709;0.06749;12255100000000
20220923;0.06749;0.06914;0.06661;0.06836;11293100000000
20220924;0.06836;0.06999;0.06796;0.06881;9557700000000
20220925;0.06881;0.07052;0.06858;0.0696;6595600000000
20220926;0.06961;0.06989;0.0679;0.06883;7133600000000
20220927;0.06883;0.06967;0.06823;0.0695;8635500000000
20220928;0.0695;0.06997;0.0682;0.06961;12971800000000
20220929;0.06961;0.06987;0.06755;0.06888;13701400000000
20220930;0.06888;0.06919;0.06808;0.06819;11320200000000
20221001;0.06819;0.06909;0.0676;0.06841;14332100000000
20221002;0.06841;0.069;0.06782;0.06793;5599500000000
20221003;0.06793;0.06814;0.06692;0.067;5980300000000
20221004;0.067;0.06826;0.06661;0.06741;8859300000000
20221005;0.06741;0.068;0.06672;0.06694;10975200000000
20221006;0.06694;0.06738;0.06635;0.06708;10007300000000
20221007;0.06708;0.06827;0.06694;0.06774;11821700000000
20221008;0.06774;0.06834;0.06748;0.06815;10083300000000
20221009;0.06815;0.06843;0.06764;0.06774;6375400000000
20221010;0.06774;0.06806;0.06751;0.06806;5853200000000
20221011;0.06806;0.06856;0.06737;0.06743;10683600000000
20221012;0.06743;0.06769;0.06687;0.06716;9169200000000
20221013;0.06716;0.06808;0.06703;0.06758;6711600000000
20221014;0.06758;0.06799;0.06554;0.06643;12835400000000
20221015;0.06643;0.06789;0.06633;0.06761;10074500000000
20221016;0.06761;0.06776;0.06653;0.06685;5869600000000
20221017;0.06685;0.06795;0.06684;0.0678;5887900000000
20221018;0.0678;0.06827;0.06754;0.0681;8849300000000
20221019;0.0681;0.06843;0.06711;0.06781;9562500000000
20221020;0.06781;0.06793;0.06706;0.06721;6708700000000
20221021;0.06721;0.06794;0.06706;0.06736;6820200000000
20221022;0.06736;0.06806;0.0671;0.06783;7911300000000
20221023;0.06783;0.06861;0.06767;0.0684;4717300000000
20221024;0.0684;0.06982;0.06803;0.06971;7423900000000
20221025;0.06971;0.06999;0.069;0.06951;11822000000000
20221026;0.06951;0.07545;0.06935;0.07269;16619200000000
20221027;0.07269;0.07594;0.07265;0.07539;17450400000000
20221028;0.07539;0.07607;0.07441;0.07461;10666600000000
20221029;0.07461;0.07597;0.07395;0.07548;9625500000000
20221030;0.07548;0.07928;0.07527;0.07783;12358200000000
20221031;0.07783;0.07839;0.07661;0.07711;7153100000000
20221101;0.07711;0.07855;0.07609;0.07674;10075500000000
20221102;0.07674;0.07797;0.07671;0.07708;7952800000000
20221103;0.07707;0.07817;0.07468;0.07536;12823000000000
20221104;0.07536;0.07658;0.07529;0.07577;7149900000000
20221105;0.07577;0.07889;0.07572;0.07779;11103900000000
20221106;0.07779;0.07804;0.07631;0.07638;6366900000000
20221107;0.07638;0.07694;0.07488;0.07502;6947900000000
20221108;0.07502;0.07708;0.07493;0.07615;10059600000000
20221109;0.07616;0.07714;0.07119;0.07196;30015200000000
20221110;0.07196;0.07222;0.066;0.06925;35880100000000
20221111;0.06927;0.07564;0.06882;0.07383;28942900000000
20221112;0.07383;0.07613;0.07213;0.07556;19084800000000
20221113;0.07556;0.07595;0.07429;0.07479;7494100000000
20221114;0.07479;0.0755;0.07358;0.0748;8185700000000
20221115;0.0748;0.07552;0.07359;0.07479;11594600000000
20221116;0.07479;0.07558;0.07367;0.07417;8934000000000
20221117;0.07417;0.07486;0.07235;0.07299;8961900000000
20221118;0.07299;0.07337;0.07171;0.07191;8618500000000
20221119;0.07191;0.07297;0.0716;0.07261;5596500000000
20221120;0.07261;0.07333;0.07235;0.07291;2920500000000
20221121;0.07291;0.07322;0.06983;0.07016;9964600000000
20221122;0.07016;0.07078;0.06854;0.07018;14418300000000
20221123;0.07018;0.07054;0.06868;0.07022;10109300000000
20221124;0.07022;0.07159;0.06955;0.07134;9184100000000
20221125;0.07134;0.07283;0.0713;0.07251;7573700000000
20221126;0.07251;0.07277;0.07143;0.07258;6768800000000
20221127;0.07258;0.07399;0.07248;0.07324;6868300000000
20221128;0.07325;0.07375;0.07244;0.07266;4217000000000
20221129;0.07266;0.07278;0.07158;0.07203;5858700000000
20221130;0.07203;0.07433;0.0718;0.07399;8650300000000
20221201;0.07399;0.07601;0.07382;0.07543;7652400000000
20221202;0.07543;0.0755;0.07442;0.07518;4090500000000
20221203;0.07518;0.07605;0.07505;0.07579;4862700000000
20221204;0.07579;0.0761;0.07332;0.07348;5801000000000
20221205;0.07347;0.07496;0.07343;0.07479;5373400000000
20221206;0.07479;0.07531;0.07374;0.07424;6184700000000
20221207;0.07423;0.07456;0.0734;0.07439;4119700000000
20221208;0.07439;0.07452;0.07282;0.07313;4111600000000
20221209;0.07313;0.07475;0.0728;0.07432;4292900000000
20221210;0.07432;0.07485;0.07357;0.07373;4927000000000
20221211;0.07372;0.07449;0.07361;0.07394;2018000000000
20221212;0.07394;0.07441;0.0735;0.07391;1632000000000
20221213;0.07391;0.07434;0.07341;0.07411;2867000000000
20221214;0.0741;0.075;0.07331;0.07428;5473200000000
20221215;0.07428;0.07447;0.07297;0.07347;3700700000000
20221216;0.07345;0.07346;0.07255;0.07295;3248700000000
20221217;0.07296;0.07319;0.0699;0.07018;5759800000000
20221218;0.07017;0.07094;0.07003;0.07075;2395500000000
20221219;0.07075;0.07122;0.07028;0.07066;2015800000000
20221220;0.07066;0.07118;0.07045;0.07103;2048800000000
20221221;0.07103;0.07235;0.07093;0.07203;5666800000000
20221222;0.07203;0.07227;0.0717;0.07214;4110400000000
20221223;0.07214;0.07349;0.07119;0.07239;5484500000000
20221224;0.07238;0.07281;0.07228;0.07271;4987700000000
20221225;0.07271;0.07279;0.07227;0.07249;2469500000000
20221226;0.07249;0.07265;0.07149;0.0724;3224400000000
20221227;0.0724;0.07268;0.07201;0.07258;3292100000000
20221228;0.07258;0.07271;0.07192;0.07252;5467300000000
20221229;0.07252;0.07258;0.07152;0.07191;5781900000000
20221230;0.07193;0.0724;0.07184;0.07217;4910200000000
20221231;0.07217;0.0725;0.07191;0.07225;5152500000000
20230101;0.07225;0.07266;0.072;0.07229;3399900000000
20230102;0.0723;0.0725;0.07211;0.07224;2942600000000
20230103;0.07224;0.07302;0.07207;0.07281;5007300000000
20230104;0.07281;0.07286;0.07245;0.07284;5634500000000
20230105;0.07284;0.07507;0.07282;0.07458;9902600000000
20230106;0.07458;0.07464;0.07408;0.07434;5689300000000
20230107;0.07434;0.07543;0.07408;0.07487;6348700000000
20230108;0.07487;0.07488;0.0745;0.07459;2320800000000
20230109;0.0746;0.07556;0.07439;0.07533;3778200000000
20230110;0.07532;0.07757;0.07511;0.07686;8703600000000
20230111;0.07686;0.07729;0.07655;0.07657;5669400000000
20230112;0.07657;0.07792;0.07622;0.07743;6403700000000
20230113;0.07743;0.07789;0.07503;0.07512;11511900000000
20230114;0.07512;0.07512;0.07276;0.07276;11181500000000
20230115;0.07281;0.07523;0.07202;0.07397;16890300000000
20230116;0.07397;0.07458;0.07346;0.07437;5345300000000
20230117;0.07437;0.07497;0.07364;0.07443;9461900000000
20230118;0.07443;0.07476;0.07381;0.07407;7047800000000
20230119;0.07407;0.07457;0.07302;0.07314;7266300000000
20230120;0.07314;0.07395;0.07307;0.07361;3087300000000
20230121;0.07361;0.07469;0.07282;0.07316;4670800000000
20230122;0.07316;0.07391;0.07115;0.0714;6638700000000
20230123;0.0714;0.07249;0.07076;0.07165;3798500000000
20230124;0.07165;0.07216;0.07055;0.07097;6252500000000
20230125;0.07097;0.07112;0.0678;0.06875;8962500000000
20230126;0.06875;0.06989;0.06799;0.06989;10873400000000
20230127;0.06989;0.07019;0.06902;0.0696;7483800000000
20230128;0.0696;0.06967;0.06835;0.06924;8396200000000
20230129;0.06924;0.06943;0.06787;0.06829;5369000000000
20230130;0.06829;0.06971;0.0682;0.06928;8237400000000
20230131;0.06928;0.06934;0.0678;0.06862;8283700000000
20230201;0.06861;0.06915;0.06839;0.06855;5672600000000
20230202;0.06855;0.06956;0.06818;0.06918;7342500000000
20230203;0.06918;0.071;0.06918;0.06996;10856600000000
20230204;0.06996;0.07127;0.06959;0.071;8461700000000
20230205;0.071;0.072;0.07067;0.07144;6057100000000
20230206;0.07144;0.07157;0.0706;0.07104;6083700000000
20230207;0.07104;0.07168;0.07082;0.07091;7403400000000
20230208;0.07091;0.07198;0.0709;0.07188;8111600000000
20230209;0.07188;0.07271;0.0718;0.07188;6982900000000
20230210;0.07188;0.0723;0.07014;0.0709;9160900000000
20230211;0.0709;0.07114;0.0696;0.06997;7892200000000
20230212;0.06997;0.07057;0.06965;0.07037;4496200000000
20230213;0.07037;0.0704;0.06906;0.06955;4483400000000
20230214;0.06955;0.06972;0.06825;0.06914;8993000000000
20230215;0.06914;0.07037;0.06892;0.07008;8536400000000
20230216;0.07008;0.07018;0.06857;0.06886;11053100000000
20230217;0.06886;0.06964;0.06825;0.06964;10920600000000
20230218;0.06964;0.0702;0.06873;0.06894;9843100000000
20230219;0.06894;0.06917;0.06837;0.06868;5463900000000
20230220;0.06868;0.06928;0.0684;0.06921;6317600000000
20230221;0.06921;0.06962;0.06827;0.06857;7798600000000
20230222;0.06857;0.06865;0.06767;0.06788;12102600000000
20230223;0.06788;0.06847;0.06765;0.06795;9655200000000
20230224;0.06794;0.06937;0.06781;0.06895;10600200000000
20230225;0.06895;0.06969;0.06835;0.06934;8888500000000
20230226;0.06935;0.06974;0.06834;0.06885;4990900000000
20230227;0.06885;0.06979;0.06879;0.06968;5842700000000
20230228;0.06968;0.07037;0.0694;0.06954;9284200000000
20230301;0.06954;0.07011;0.0692;0.06937;7470100000000
20230302;0.06937;0.07048;0.06921;0.07048;9002600000000
20230303;0.07048;0.07062;0.06968;0.07022;8073500000000
20230304;0.07022;0.0704;0.06951;0.07021;10387200000000
20230305;0.07021;0.07044;0.06984;0.0701;4451300000000
20230306;0.0701;0.07046;0.06961;0.06975;5665000000000
20230307;0.06975;0.07008;0.06964;0.06988;6509000000000
20230308;0.06988;0.0704;0.06963;0.07035;8436200000000
20230309;0.07035;0.07108;0.07035;0.07061;8972300000000
20230310;0.07061;0.07178;0.07025;0.0706;11127700000000
20230311;0.0706;0.07132;0.06963;0.07079;12179400000000
20230312;0.07079;0.07228;0.07064;0.07194;11787600000000
20230313;0.07195;0.07354;0.07133;0.07184;13390900000000
20230314;0.07184;0.07203;0.06885;0.06939;18376100000000
20230315;0.06939;0.06963;0.0668;0.06886;20404700000000
20230316;0.06886;0.06923;0.06652;0.06795;11998400000000
20230317;0.06795;0.06809;0.06655;0.06695;9548200000000
20230318;0.06695;0.06698;0.06406;0.06533;16446600000000
20230319;0.06533;0.06673;0.06502;0.06537;10143300000000
20230320;0.06537;0.0658;0.06361;0.06367;9058100000000
20230321;0.06367;0.06445;0.06223;0.0625;11887400000000
20230322;0.0625;0.06548;0.06242;0.0641;13710400000000
20230323;0.0641;0.0644;0.0625;0.06364;18109700000000
20230324;0.06364;0.06474;0.06321;0.06411;11104700000000
20230325;0.0641;0.06433;0.06266;0.0637;9137700000000
20230326;0.0637;0.06384;0.06309;0.06342;4760400000000
20230327;0.06342;0.06437;0.06325;0.06342;5396300000000
20230328;0.06342;0.0639;0.06295;0.06323;7460900000000
20230329;0.06323;0.06528;0.06315;0.06503;9256600000000
20230330;0.06503;0.0653;0.06305;0.06325;10406100000000
20230331;0.06325;0.06413;0.06252;0.06398;8611800000000
20230401;0.06398;0.0648;0.06384;0.06399;9431600000000
20230402;0.06399;0.06435;0.06379;0.06399;4548100000000
20230403;0.06399;0.06427;0.06352;0.06369;5244500000000
20230404;0.06369;0.06518;0.06365;0.06512;8798700000000
20230405;0.06512;0.06663;0.06464;0.06641;8753600000000
20230406;0.06641;0.06796;0.06634;0.06775;8610800000000
20230407;0.06775;0.06791;0.06654;0.06679;6925200000000
20230408;0.06679;0.06704;0.06625;0.06678;4754000000000
20230409;0.06678;0.06683;0.06617;0.06617;3318400000000
20230410;0.06617;0.06633;0.06537;0.06562;5088600000000
20230411;0.06562;0.0659;0.06419;0.06444;6968300000000
20230412;0.06445;0.06457;0.0625;0.06258;8486200000000
20230413;0.06258;0.06446;0.06204;0.06415;10540700000000
20230414;0.06415;0.06654;0.06326;0.06624;12553800000000
20230415;0.06624;0.06946;0.06619;0.06893;14659700000000
20230416;0.06893;0.06951;0.06845;0.06901;5993900000000
20230417;0.06901;0.07014;0.0688;0.06992;7103400000000
20230418;0.06992;0.07086;0.0696;0.07048;7743400000000
20230419;0.07048;0.07093;0.06874;0.06923;7981600000000
20230420;0.06923;0.06941;0.06711;0.06717;11254500000000
20230421;0.06717;0.06895;0.06707;0.06879;8879100000000
20230422;0.06879;0.06904;0.06711;0.06782;8440500000000
20230423;0.06782;0.06813;0.06732;0.06737;4019200000000
20230424;0.06737;0.06791;0.06707;0.06749;3738200000000
20230425;0.06749;0.06772;0.06672;0.06695;5971100000000
20230426;0.06695;0.06713;0.0659;0.06594;7703600000000
20230427;0.06594;0.06649;0.06502;0.06566;14217100000000
20230428;0.06566;0.06618;0.06457;0.06476;13118700000000
20230429;0.06476;0.0654;0.06446;0.06451;8751000000000
20230430;0.06451;0.06528;0.06446;0.06527;4377400000000
20230501;0.06527;0.0653;0.06395;0.06398;6562300000000
20230502;0.06398;0.06545;0.06394;0.06523;8768500000000
20230503;0.06523;0.06547;0.06486;0.06523;7255300000000
20230504;0.06523;0.0665;0.06504;0.06563;8580200000000
20230505;0.06563;0.06564;0.0649;0.06508;7165800000000
20230506;0.06508;0.06765;0.06463;0.06757;11880300000000
20230507;0.06757;0.06785;0.06484;0.06573;10981000000000
20230508;0.06573;0.0665;0.06553;0.0658;5777100000000
20230509;0.0658;0.06704;0.0655;0.06678;7727300000000
20230510;0.06678;0.06718;0.06653;0.06683;6454500000000
20230511;0.06683;0.0671;0.06628;0.0667;7656000000000
20230512;0.0667;0.06675;0.06606;0.06653;5264200000000
20230513;0.06653;0.0678;0.06609;0.06746;6287900000000
20230514;0.06746;0.06754;0.06673;0.06704;3646200000000
20230515;0.06704;0.06739;0.06669;0.06685;3405600000000
20230516;0.06685;0.06734;0.0665;0.06686;4152900000000
20230517;0.06686;0.06764;0.06659;0.06747;2628100000000
20230518;0.06747;0.06755;0.06647;0.06649;2614900000000
20230519;0.06649;0.06751;0.06638;0.06714;2539400000000
20230520;0.06714;0.06764;0.06705;0.06742;2356000000000
20230521;0.06743;0.0676;0.06709;0.06713;1207900000000
20230522;0.06713;0.06749;0.06685;0.06747;2191300000000
20230523;0.06747;0.06781;0.06729;0.06769;2921500000000
20230524;0.06769;0.06833;0.0667;0.06811;4739300000000
20230525;0.06812;0.0684;0.06779;0.06836;3754300000000
20230526;0.06836;0.06852;0.0678;0.06821;3508800000000
20230527;0.06821;0.0688;0.06808;0.06845;6431600000000
20230528;0.06844;0.06863;0.06813;0.06814;1204500000000
20230529;0.06814;0.06847;0.06682;0.068;5111500000000
20230530;0.06801;0.06846;0.06763;0.06823;3395900000000
20230531;0.06822;0.06882;0.0676;0.06862;2851400000000
20230601;0.06861;0.06915;0.06833;0.06885;2950100000000
20230602;0.06886;0.06968;0.06885;0.06943;2307400000000
20230603;0.06942;0.0703;0.06941;0.06999;3502600000000
20230604;0.07;0.07018;0.06956;0.06989;1172100000000
20230605;0.06988;0.0701;0.0695;0.06971;1005900000000
20230606;0.0697;0.07088;0.06908;0.07036;3331400000000
20230607;0.07037;0.07087;0.06906;0.06919;2697200000000
20230608;0.06919;0.07006;0.06916;0.06956;2828800000000
20230609;0.06956;0.06999;0.06941;0.06964;1348800000000
20230610;0.06965;0.06977;0.06913;0.0695;1415700000000
20230611;0.0695;0.0697;0.06716;0.06779;5903900000000
20230612;0.06779;0.06823;0.06759;0.0676;1167100000000
20230613;0.0676;0.0676;0.06696;0.06727;1859600000000
20230614;0.06727;0.06737;0.06669;0.06709;1653100000000
20230615;0.06709;0.06734;0.06525;0.06571;3649700000000
20230616;0.0657;0.06601;0.065;0.06513;2878000000000
20230617;0.06513;0.06556;0.06446;0.06522;3262400000000
20230618;0.06522;0.06604;0.06509;0.06515;1570900000000
20230619;0.06516;0.06562;0.065;0.06534;1200800000000
20230620;0.06533;0.06541;0.06448;0.06471;1863900000000
20230621;0.06471;0.06475;0.06305;0.0633;3594400000000
20230622;0.06329;0.06346;0.06165;0.063;7638000000000
20230623;0.063;0.06374;0.06245;0.06264;4012300000000
20230624;0.06264;0.06286;0.06108;0.06168;4416100000000
20230625;0.06168;0.06191;0.06128;0.06141;2234900000000
20230626;0.06141;0.06272;0.06132;0.06233;3644300000000
20230627;0.06233;0.06236;0.06121;0.06142;2898100000000
20230628;0.06142;0.0623;0.0611;0.06156;2178100000000
20230629;0.06157;0.0616;0.06067;0.06078;2158300000000
20230630;0.06078;0.0611;0.06052;0.06084;2016300000000
20230701;0.06085;0.06369;0.06063;0.06344;5461600000000
20230702;0.06345;0.06367;0.06259;0.06292;2094600000000
20230703;0.06293;0.06366;0.06256;0.06329;2217800000000
20230704;0.06329;0.06435;0.06273;0.06278;3137600000000
20230705;0.06277;0.0633;0.06212;0.06291;2664500000000
20230706;0.06292;0.06299;0.06249;0.06262;1351500000000
20230707;0.06263;0.06286;0.06175;0.06177;2612700000000
20230708;0.06177;0.06191;0.06136;0.06165;1458400000000
20230709;0.06166;0.06182;0.06123;0.06159;925100000000
20230710;0.06158;0.06197;0.06143;0.06175;1398400000000
20230711;0.06176;0.06211;0.06118;0.06182;1968900000000
20230712;0.06183;0.06185;0.06108;0.06133;1396500000000
20230713;0.06134;0.06204;0.0613;0.0616;1952700000000
20230714;0.06161;0.06429;0.06149;0.06372;4769200000000
20230715;0.06372;0.06442;0.06336;0.06393;4007800000000
20230716;0.06393;0.06407;0.06361;0.06376;956000000000
20230717;0.06376;0.06396;0.06356;0.06359;910900000000
20230718;0.06359;0.06385;0.06303;0.06341;1698500000000
20230719;0.06341;0.06378;0.06329;0.06355;1129800000000
20230720;0.06354;0.06379;0.06306;0.06314;1185400000000
20230721;0.06314;0.06368;0.06303;0.06346;1289600000000
20230722;0.06346;0.06351;0.06321;0.06325;714700000000
20230723;0.06325;0.0634;0.06241;0.06265;1137000000000
20230724;0.06264;0.06293;0.0625;0.06279;1071600000000
20230725;0.06279;0.06358;0.06272;0.0634;1845300000000
20230726;0.0634;0.06376;0.0634;0.06355;810800000000
20230727;0.06354;0.06386;0.06338;0.06378;1301400000000
20230728;0.06377;0.06388;0.06351;0.06369;957000000000
20230729;0.0637;0.06405;0.06355;0.06394;1083700000000
20230730;0.06394;0.0642;0.06378;0.06407;764000000000
20230731;0.06408;0.0641;0.06356;0.06358;1392200000000
20230801;0.06358;0.06376;0.06337;0.06349;1477300000000
20230802;0.06349;0.06361;0.06299;0.06307;2207400000000
20230803;0.06307;0.0633;0.06256;0.06306;1800100000000
20230804;0.06305;0.0633;0.06276;0.06289;1307300000000
20230805;0.06289;0.06315;0.06278;0.06286;1020900000000
20230806;0.06287;0.0632;0.06285;0.06318;524700000000
20230807;0.06319;0.06323;0.06286;0.06293;673200000000
20230808;0.06292;0.06323;0.06249;0.06262;1580500000000
20230809;0.06262;0.06276;0.06204;0.06234;1654500000000
20230810;0.06234;0.0629;0.06212;0.06273;1303900000000
20230811;0.06272;0.06293;0.06262;0.0629;916900000000
20230812;0.06289;0.06292;0.0627;0.06283;758600000000
20230813;0.06283;0.06298;0.06276;0.06284;752200000000
20230814;0.06284;0.06318;0.06267;0.0628;1084900000000
20230815;0.06281;0.06305;0.06248;0.06271;2398400000000
20230816;0.06271;0.06283;0.06236;0.06263;1423400000000
20230817;0.06263;0.06294;0.06226;0.06291;1711600000000
20230818;0.06292;0.06375;0.06062;0.06315;6269700000000
20230819;0.06315;0.06429;0.06314;0.06377;5420300000000
20230820;0.06377;0.06468;0.06375;0.06396;1779500000000
20230821;0.06397;0.06447;0.0638;0.06433;1145500000000
20230822;0.06433;0.06446;0.06379;0.06383;1479200000000
20230823;0.06383;0.06397;0.0623;0.06276;2691200000000
20230824;0.06275;0.06385;0.06263;0.06354;3111500000000
20230825;0.06354;0.06358;0.06301;0.06343;1825500000000
20230826;0.06344;0.06377;0.06328;0.06346;1503800000000
20230827;0.06346;0.0635;0.06319;0.0633;517600000000
20230828;0.06329;0.06354;0.06326;0.06353;592400000000
20230829;0.06353;0.06356;0.06275;0.06331;1632300000000
20230830;0.0633;0.06353;0.06192;0.06239;4470300000000
20230831;0.06238;0.06286;0.0623;0.06247;1606800000000
20230901;0.06246;0.0635;0.0624;0.06346;2688300000000
20230902;0.06346;0.0635;0.06284;0.06312;2070200000000
20230903;0.06313;0.06342;0.06311;0.06328;763900000000
20230904;0.06328;0.0633;0.06291;0.06299;879700000000
20230905;0.06298;0.0632;0.06291;0.06315;1226900000000
20230906;0.06314;0.06369;0.0629;0.06337;1424500000000
20230907;0.06337;0.0641;0.06323;0.06339;1800700000000
20230908;0.06338;0.06358;0.06261;0.06279;1734600000000
20230909;0.06278;0.06322;0.06258;0.06315;1510800000000
20230910;0.06315;0.06325;0.06311;0.06313;692300000000
20230911;0.06313;0.06315;0.06235;0.06259;1355700000000
20230912;0.0626;0.06267;0.06135;0.06166;2688900000000
20230913;0.06167;0.06184;0.06102;0.06164;2456100000000
20230914;0.06165;0.06168;0.06103;0.06131;1577600000000
20230915;0.06131;0.06197;0.06101;0.06132;2009800000000
20230916;0.06132;0.06179;0.06117;0.06171;1110500000000
20230917;0.0617;0.06182;0.06153;0.06156;588800000000
20230918;0.06155;0.06155;0.06104;0.06116;829900000000
20230919;0.06116;0.06133;0.06066;0.06117;2096000000000
20230920;0.06116;0.06118;0.06026;0.0604;1527800000000
20230921;0.06039;0.06061;0.0598;0.05981;1807400000000
20230922;0.05982;0.06022;0.0594;0.05961;1716000000000
20230923;0.05962;0.06004;0.05957;0.05994;844400000000
20230924;0.05994;0.06006;0.0598;0.05996;583200000000
20230925;0.05997;0.06024;0.05967;0.06023;1081700000000
20230926;0.06023;0.06061;0.06012;0.0604;1300400000000
20230927;0.0604;0.06081;0.06038;0.06079;871800000000
20230928;0.06079;0.06122;0.0606;0.06062;1524500000000
20230929;0.06062;0.0616;0.0605;0.06117;2317800000000
20230930;0.06117;0.0623;0.06106;0.06198;2998200000000
20231001;0.06198;0.06253;0.06182;0.06197;1241100000000
20231002;0.06197;0.06257;0.06149;0.06195;1798300000000
20231003;0.06195;0.06195;0.0592;0.06045;3415000000000
20231004;0.06045;0.06063;0.05998;0.0604;1913700000000
20231005;0.0604;0.06045;0.05927;0.05927;2538100000000
20231006;0.05927;0.0595;0.05855;0.05878;3907000000000
20231007;0.05879;0.05933;0.05864;0.05889;1821500000000
20231008;0.05889;0.05904;0.05842;0.05843;1242900000000
20231009;0.05842;0.0587;0.05811;0.05847;1395200000000
20231010;0.05848;0.05853;0.05675;0.05727;2666300000000
20231011;0.05728;0.05758;0.05676;0.05722;1959000000000
20231012;0.05723;0.0586;0.05713;0.05831;1812500000000
20231013;0.05831;0.05833;0.05723;0.05755;2189200000000
20231014;0.05754;0.0581;0.05699;0.05778;2354600000000
20231015;0.05778;0.05807;0.05753;0.05791;666400000000
20231016;0.05791;0.05796;0.05727;0.05735;893900000000
20231017;0.05736;0.05748;0.05423;0.05612;5389100000000
20231018;0.05613;0.05641;0.0547;0.0551;2930400000000
20231019;0.0551;0.05581;0.05458;0.0552;2141500000000
20231020;0.0552;0.05523;0.05429;0.05455;3218200000000
20231021;0.05455;0.05483;0.05388;0.05407;3721400000000
20231022;0.05406;0.0545;0.05382;0.05445;1998300000000
20231023;0.05446;0.05556;0.05436;0.05548;2721900000000
20231024;0.05548;0.05567;0.051;0.05339;8395200000000
20231025;0.05339;0.05354;0.05171;0.05262;10258700000000
20231026;0.05262;0.05275;0.05143;0.0518;3813100000000
20231027;0.05181;0.05376;0.05155;0.05282;6256600000000
20231028;0.05282;0.05287;0.05221;0.05249;2322000000000
20231029;0.0525;0.05263;0.05198;0.0521;1253200000000
20231030;0.05211;0.05237;0.05176;0.052;1520300000000
20231031;0.05199;0.05301;0.0519;0.05247;3034600000000
20231101;0.05248;0.05261;0.05216;0.05239;2173200000000
20231102;0.0524;0.05345;0.05188;0.05213;4286000000000
20231103;0.05213;0.05246;0.05153;0.05155;2628700000000
20231104;0.05154;0.0529;0.05153;0.0528;2864100000000
20231105;0.0528;0.0531;0.0525;0.05293;1609000000000
20231106;0.05293;0.05434;0.05284;0.05403;4335400000000
20231107;0.05404;0.05441;0.05373;0.05423;2516600000000
20231108;0.05423;0.05433;0.05313;0.05325;2581200000000
20231109;0.05325;0.05376;0.05258;0.053;2137100000000
20231110;0.05301;0.058;0.05105;0.05779;15240300000000
20231111;0.05779;0.05821;0.0556;0.05571;8493600000000
20231112;0.05571;0.05623;0.05492;0.0553;3669900000000
20231113;0.05529;0.05555;0.05477;0.05516;2432400000000
20231114;0.05516;0.05735;0.05508;0.05631;5916800000000
20231115;0.05631;0.05653;0.05542;0.05568;4003900000000
20231116;0.05568;0.05603;0.0542;0.05438;3752800000000
20231117;0.05437;0.05578;0.0541;0.05424;4735200000000
20231118;0.05424;0.0546;0.05266;0.05357;3700900000000
20231119;0.05356;0.05377;0.05297;0.05366;1714800000000
20231120;0.05366;0.05407;0.05337;0.05384;1738200000000
20231121;0.05384;0.05485;0.05367;0.05397;4245600000000
20231122;0.05396;0.05443;0.05328;0.05408;3324500000000
20231123;0.05407;0.0561;0.05402;0.05516;4095500000000
20231124;0.05515;0.05557;0.05486;0.05529;2161000000000
20231125;0.05529;0.05636;0.0548;0.05518;4357800000000
20231126;0.05518;0.05533;0.05492;0.05513;1405800000000
20231127;0.05513;0.05556;0.05467;0.05507;1708600000000
20231128;0.05507;0.05515;0.05395;0.05445;2302900000000
20231129;0.05444;0.05465;0.0539;0.05416;1722700000000
20231130;0.05416;0.05424;0.05359;0.0536;1655700000000
20231201;0.05359;0.05445;0.05354;0.05439;1453400000000
20231202;0.0544;0.05512;0.0538;0.05395;3539100000000
20231203;0.05395;0.05553;0.05393;0.05486;2685200000000
20231204;0.05487;0.05546;0.05426;0.05487;2486200000000
20231205;0.05487;0.055;0.05301;0.05343;6225500000000
20231206;0.05342;0.05375;0.05135;0.05203;5982400000000
20231207;0.05203;0.05239;0.05088;0.05102;3580400000000
20231208;0.05102;0.05488;0.051;0.05444;6575700000000
20231209;0.05444;0.05491;0.05311;0.05339;5355100000000
20231210;0.05339;0.05445;0.05324;0.05354;2880300000000
20231211;0.05354;0.05406;0.05326;0.05372;1624500000000
20231212;0.05372;0.05431;0.05252;0.05394;4358200000000
20231213;0.05394;0.05402;0.0528;0.05311;2606600000000
20231214;0.0531;0.05327;0.05245;0.05271;2963500000000
20231215;0.05272;0.05402;0.05255;0.05382;3761500000000
20231216;0.05381;0.05383;0.0526;0.05295;2611800000000
20231217;0.05295;0.05339;0.0526;0.05273;1553400000000
20231218;0.05273;0.05343;0.05263;0.05308;1580100000000
20231219;0.05308;0.05329;0.05186;0.05202;2862500000000
20231220;0.05203;0.05235;0.05107;0.05152;3003300000000
20231221;0.05152;0.05189;0.04977;0.05044;4598800000000
20231222;0.05043;0.05166;0.05028;0.05106;4120200000000
20231223;0.05105;0.05366;0.05081;0.05287;7037100000000
20231224;0.05287;0.053;0.05216;0.05282;2345600000000
20231225;0.05282;0.053;0.05226;0.05265;1874000000000
20231226;0.05266;0.05292;0.05208;0.05211;2077400000000
20231227;0.05212;0.05269;0.05208;0.05248;2899300000000
20231228;0.05247;0.05511;0.05235;0.05477;5814200000000
20231229;0.05477;0.05622;0.05476;0.05507;5971000000000
20231230;0.05508;0.05555;0.05434;0.05465;3955000000000
20231231;0.05465;0.05485;0.05413;0.05438;1943100000000
20240101;0.05437;0.05447;0.05355;0.05397;2074500000000
20240102;0.05398;0.0542;0.05317;0.05325;1905300000000
20240103;0.05324;0.05329;0.05208;0.0524;6193200000000
20240104;0.0524;0.05342;0.05123;0.05158;6296800000000
20240105;0.05158;0.05207;0.05106;0.05135;4154800000000
20240106;0.05135;0.05206;0.05097;0.05138;4182000000000
20240107;0.05137;0.05142;0.05095;0.05096;1589800000000
20240108;0.05096;0.05118;0.05041;0.05058;2378400000000
20240109;0.05057;0.05072;0.04955;0.04965;6793300000000
20240110;0.04965;0.052;0.0479;0.05085;9362600000000
20240111;0.05085;0.05564;0.05085;0.05539;17760600000000
20240112;0.05539;0.05667;0.05431;0.0565;11945000000000
20240113;0.05649;0.06117;0.05615;0.05895;13306400000000
20240114;0.05896;0.06036;0.05866;0.06017;5492400000000
20240115;0.06018;0.06021;0.0585;0.05925;2995100000000
20240116;0.05926;0.0597;0.05876;0.05908;3378800000000
20240117;0.05908;0.06017;0.05878;0.05999;3649000000000
20240118;0.05999;0.06013;0.05904;0.05916;3137800000000
20240119;0.05915;0.06001;0.05898;0.05979;3293100000000
20240120;0.05979;0.06053;0.05922;0.05982;4247600000000
20240121;0.05981;0.05984;0.05904;0.05928;1274300000000
20240122;0.05928;0.05946;0.05902;0.05908;1167300000000
20240123;0.05908;0.05928;0.05805;0.05848;5245700000000
20240124;0.05847;0.0587;0.05572;0.05622;5133400000000
20240125;0.05622;0.05623;0.0555;0.05574;2280300000000
20240126;0.05574;0.05596;0.05457;0.05553;3403400000000
20240127;0.05552;0.05583;0.05357;0.05422;4449200000000
20240128;0.05422;0.05462;0.0537;0.05384;1628000000000
20240129;0.05385;0.05421;0.05354;0.05371;1641800000000
20240130;0.0537;0.05385;0.05305;0.05352;3015500000000
20240131;0.05353;0.0549;0.05309;0.05457;4633400000000
20240201;0.05456;0.0546;0.0535;0.05361;2820300000000
20240202;0.05361;0.05415;0.0533;0.05348;2433200000000
20240203;0.05348;0.05383;0.0533;0.05344;2173800000000
20240204;0.05344;0.05387;0.05333;0.05341;1293600000000
20240205;0.0534;0.05392;0.05325;0.05378;1484000000000
20240206;0.05377;0.05414;0.05355;0.0539;2413800000000
20240207;0.05389;0.05542;0.05384;0.05505;3324000000000
20240208;0.05505;0.0559;0.05468;0.05468;3180400000000
20240209;0.05468;0.05474;0.05331;0.05342;3692800000000
20240210;0.05342;0.05353;0.05223;0.05275;4510900000000
20240211;0.05276;0.05309;0.05211;0.05236;1664000000000
20240212;0.05235;0.05267;0.05186;0.05192;2286000000000
20240213;0.05191;0.05329;0.05115;0.05328;4579300000000
20240214;0.05329;0.05414;0.05285;0.05312;4496500000000
20240215;0.05312;0.05382;0.05299;0.05358;3762700000000
20240216;0.05357;0.05493;0.05323;0.05441;5328200000000
20240217;0.05441;0.05498;0.05323;0.05375;3740300000000
20240218;0.05375;0.05413;0.05355;0.05394;1861400000000
20240219;0.05394;0.05535;0.05383;0.05526;2601100000000
20240220;0.05526;0.05731;0.05494;0.05687;4670600000000
20240221;0.05686;0.05778;0.05575;0.05769;4967500000000
20240222;0.05769;0.05789;0.05651;0.05724;3944600000000
20240223;0.05725;0.05831;0.05674;0.05793;4459800000000
20240224;0.05794;0.05819;0.05716;0.05759;2418200000000
20240225;0.05758;0.05823;0.05738;0.05803;1563600000000
20240226;0.05804;0.06019;0.05796;0.06018;4520800000000
20240227;0.06018;0.0605;0.0581;0.0583;5713000000000
20240228;0.0583;0.05833;0.05662;0.05684;5612000000000
20240229;0.05685;0.05725;0.05392;0.05419;11134600000000
20240301;0.05419;0.05643;0.05415;0.05463;8357300000000
20240302;0.05464;0.0554;0.05457;0.05503;3827700000000
20240303;0.05503;0.05557;0.05496;0.05519;2398100000000
20240304;0.05519;0.05555;0.05459;0.05527;2549100000000
20240305;0.05527;0.05537;0.05295;0.05316;8568400000000
20240306;0.05316;0.05706;0.0529;0.05576;16842800000000
20240307;0.05576;0.05822;0.05563;0.0578;8259000000000
20240308;0.0578;0.0582;0.05627;0.05791;4417100000000
20240309;0.05791;0.05894;0.0568;0.05701;6587400000000
20240310;0.05701;0.05763;0.05688;0.05717;2075100000000
20240311;0.05717;0.05732;0.05565;0.05624;3141100000000
20240312;0.05624;0.05652;0.0555;0.0564;5484900000000
20240313;0.05641;0.05669;0.05512;0.0557;5226500000000
20240314;0.0557;0.05616;0.05445;0.05481;5020000000000
20240315;0.0548;0.05489;0.05386;0.05436;4808200000000
20240316;0.05437;0.05492;0.05337;0.05384;7050500000000
20240317;0.05385;0.05424;0.05327;0.05395;4135800000000
20240318;0.05394;0.05407;0.0528;0.05329;4963000000000
20240319;0.05329;0.05334;0.0518;0.05207;4585900000000
20240320;0.05207;0.05231;0.05096;0.051;8931800000000
20240321;0.05101;0.0529;0.05021;0.05182;12537800000000
20240322;0.05182;0.0535;0.05168;0.05333;5962300000000
20240323;0.05333;0.05344;0.05199;0.05229;4258700000000
20240324;0.05229;0.05243;0.05179;0.05204;2430300000000
20240325;0.05204;0.05213;0.05126;0.05139;2642900000000
20240326;0.0514;0.0518;0.05113;0.05137;3729000000000
20240327;0.05137;0.05174;0.05097;0.05125;3903200000000
20240328;0.05126;0.05134;0.05039;0.0504;5338900000000
20240329;0.05039;0.05086;0.05016;0.0503;3728400000000
20240330;0.05031;0.05079;0.05012;0.05025;2314800000000
20240331;0.05025;0.05078;0.04996;0.05038;2327700000000
20240401;0.05038;0.05165;0.05027;0.05113;3271000000000
20240402;0.05114;0.05123;0.04985;0.0503;3972000000000
20240403;0.0503;0.05074;0.04952;0.05008;5416200000000
20240404;0.05009;0.05069;0.04959;0.05019;3466800000000
20240405;0.05019;0.05048;0.04851;0.04858;4788300000000
20240406;0.04859;0.04937;0.04815;0.04893;4889500000000
20240407;0.04892;0.04929;0.04866;0.04866;1864100000000
20240408;0.04866;0.04983;0.0484;0.04981;2091300000000
20240409;0.0498;0.05181;0.049;0.05158;5590900000000
20240410;0.05157;0.05206;0.05036;0.05072;4654900000000
20240411;0.05072;0.05118;0.04998;0.05019;3371200000000
20240412;0.0502;0.05084;0.04984;0.05004;2522900000000
20240413;0.05004;0.05014;0.04738;0.04824;5812400000000
20240414;0.04824;0.0487;0.0463;0.04704;7735100000000
20240415;0.04704;0.04852;0.04622;0.04804;5057100000000
20240416;0.04805;0.04931;0.04745;0.04891;4678900000000
20240417;0.04891;0.04909;0.04831;0.04834;3324500000000
20240418;0.04834;0.0493;0.048;0.04872;4598000000000
20240419;0.04871;0.04898;0.04807;0.04829;3123100000000
20240420;0.04828;0.04859;0.04756;0.0479;4572100000000
20240421;0.0479;0.04881;0.04766;0.04858;2102800000000
20240422;0.04859;0.04895;0.0484;0.04847;1653800000000
20240423;0.04847;0.0488;0.04782;0.0479;1971200000000
20240424;0.0479;0.04867;0.04767;0.04847;2007500000000
20240425;0.04848;0.04938;0.04831;0.04885;3309300000000
20240426;0.04885;0.04941;0.0485;0.04893;2976400000000
20240427;0.04894;0.04926;0.04868;0.04909;1686400000000
20240428;0.0491;0.05165;0.04898;0.05129;4339600000000
20240429;0.05129;0.05249;0.05114;0.0517;3798100000000
20240430;0.05169;0.05193;0.05026;0.05036;3861400000000
20240501;0.05037;0.05038;0.04883;0.04968;4141600000000
20240502;0.04968;0.0514;0.04949;0.05094;5382400000000
20240503;0.05094;0.05161;0.05037;0.05055;3189600000000
20240504;0.05055;0.05078;0.04925;0.04934;3163300000000
20240505;0.04934;0.0497;0.04875;0.04879;1805400000000
20240506;0.04879;0.04965;0.04858;0.04899;1687900000000
20240507;0.04899;0.04957;0.04848;0.04849;2150800000000
20240508;0.04849;0.04863;0.04807;0.04823;1921700000000
20240509;0.04824;0.04868;0.04777;0.0486;2095500000000
20240510;0.0486;0.04888;0.04811;0.04813;1606700000000
20240511;0.04814;0.04838;0.04768;0.04786;2331800000000
20240512;0.04786;0.04807;0.04771;0.04788;1197000000000
20240513;0.04788;0.04803;0.04764;0.04765;872700000000
20240514;0.04765;0.04773;0.04677;0.04689;2688400000000
20240515;0.04689;0.04722;0.04678;0.04681;1673300000000
20240516;0.04681;0.04699;0.0455;0.0458;3773400000000
20240517;0.0458;0.04584;0.04473;0.04514;3634200000000
20240518;0.04513;0.0466;0.04477;0.04613;3991300000000
20240519;0.04613;0.04751;0.04609;0.04666;2185700000000
20240520;0.04667;0.04676;0.04585;0.04633;1752000000000
20240521;0.04634;0.05265;0.04574;0.05127;16870900000000
20240522;0.05126;0.05468;0.05113;0.05403;19387000000000
20240523;0.05402;0.05449;0.0525;0.05404;10335600000000
20240524;0.05404;0.0571;0.05337;0.05568;22710700000000
20240525;0.05568;0.05643;0.05332;0.05438;8916400000000
20240526;0.05438;0.05492;0.05387;0.05413;2604100000000
20240527;0.05412;0.05631;0.05407;0.05585;3946500000000
20240528;0.05584;0.05744;0.05571;0.05608;6147400000000
20240529;0.05608;0.05713;0.05583;0.05621;4152700000000
20240530;0.0562;0.05647;0.05553;0.05568;3562500000000
20240531;0.05568;0.05577;0.05456;0.05482;2729600000000
20240601;0.05482;0.05622;0.05464;0.0557;2842700000000
20240602;0.05571;0.05647;0.05555;0.05631;1369200000000
20240603;0.05632;0.05659;0.05549;0.0558;1763100000000
20240604;0.05579;0.05581;0.05443;0.05474;2601600000000
20240605;0.05475;0.05475;0.0536;0.05402;2808200000000
20240606;0.05401;0.05453;0.05294;0.05437;3184600000000
20240607;0.05437;0.05447;0.05359;0.05386;1749100000000
20240608;0.05386;0.05387;0.05218;0.05304;3651000000000
20240609;0.05305;0.05335;0.05281;0.05312;952000000000
20240610;0.05311;0.05331;0.05297;0.05321;972400000000
20240611;0.05322;0.05324;0.05263;0.05274;974700000000
20240612;0.05274;0.05287;0.05177;0.05195;3826500000000
20240613;0.05195;0.05253;0.05173;0.05216;2890900000000
20240614;0.05215;0.0523;0.05151;0.05195;2677600000000
20240615;0.05196;0.05298;0.05161;0.05272;2773800000000
20240616;0.05273;0.05409;0.05259;0.0539;2613300000000
20240617;0.0539;0.05472;0.05342;0.05436;1708500000000
20240618;0.05437;0.05449;0.05273;0.05279;2662200000000
20240619;0.05279;0.05352;0.05191;0.05345;3524200000000
20240620;0.05346;0.05497;0.05342;0.0548;3340200000000
20240621;0.0548;0.05494;0.05396;0.05415;2115900000000
20240622;0.05415;0.05506;0.05389;0.05486;2901700000000
20240623;0.05485;0.05488;0.05404;0.0544;842600000000
20240624;0.05439;0.05466;0.05361;0.05413;1638100000000
20240625;0.05412;0.056;0.05324;0.0556;5448300000000
20240626;0.05561;0.05569;0.05482;0.05493;2882000000000
20240627;0.05492;0.05593;0.05457;0.05539;1854700000000
20240628;0.0554;0.05619;0.05527;0.05593;2093600000000
20240629;0.05593;0.0563;0.05561;0.05593;2243600000000
20240630;0.05593;0.05598;0.05536;0.05539;1042400000000
20240701;0.05539;0.0555;0.05474;0.05478;2264900000000
20240702;0.05477;0.05542;0.05452;0.05473;1954400000000
20240703;0.05473;0.05525;0.05468;0.05507;1205500000000
20240704;0.05508;0.0553;0.05445;0.05473;2536000000000
20240705;0.05473;0.05501;0.05346;0.05363;4403900000000
20240706;0.05362;0.05417;0.05216;0.05264;8820900000000
20240707;0.05265;0.05326;0.05258;0.05267;2068900000000
20240708;0.05266;0.05271;0.05201;0.05246;1606500000000
20240709;0.05247;0.05351;0.05186;0.05323;5691800000000
20240710;0.05324;0.05379;0.05276;0.05283;2509200000000
20240711;0.05283;0.05438;0.05245;0.05371;3061000000000
20240712;0.05372;0.05453;0.05338;0.05406;2976400000000
20240713;0.05406;0.05433;0.05355;0.05413;2018400000000
20240714;0.05414;0.05426;0.0535;0.05363;1361800000000
20240715;0.05363;0.05364;0.05301;0.05337;1867700000000
20240716;0.05337;0.05414;0.05304;0.05381;3449600000000
20240717;0.05382;0.05404;0.05286;0.05295;2978600000000
20240718;0.05295;0.05351;0.05272;0.05286;2295800000000
20240719;0.05286;0.0538;0.05281;0.05355;2269800000000
20240720;0.05356;0.05364;0.05221;0.05256;3472100000000
20240721;0.05256;0.05268;0.05207;0.0524;1929200000000
20240722;0.0524;0.05243;0.05155;0.05188;2499900000000
20240723;0.05187;0.05209;0.05087;0.05093;2938500000000
20240724;0.05093;0.05306;0.0509;0.05282;7331500000000
20240725;0.05282;0.05283;0.0504;0.05102;3549200000000
20240726;0.05103;0.05104;0.04787;0.04826;7859800000000
20240727;0.04826;0.04885;0.04781;0.04823;4144100000000
20240728;0.04822;0.04823;0.0473;0.04785;4153000000000
20240729;0.04785;0.04841;0.04764;0.04792;1506400000000
20240730;0.04792;0.04986;0.04766;0.04968;4634500000000
20240731;0.04968;0.05036;0.0482;0.04954;3596600000000
20240801;0.04954;0.05029;0.0494;0.05001;2934600000000
20240802;0.05002;0.05013;0.04876;0.04901;3313100000000
20240803;0.04901;0.04931;0.0477;0.04862;4334100000000
20240804;0.04862;0.04871;0.0477;0.04783;3100700000000
20240805;0.04784;0.04821;0.04602;0.04624;5089100000000
20240806;0.04624;0.04634;0.04008;0.0448;24413300000000
20240807;0.0448;0.04549;0.04372;0.04393;5080500000000
20240808;0.04394;0.04441;0.04225;0.0425;5946100000000
20240809;0.04251;0.0437;0.04201;0.04349;6331500000000
20240810;0.04349;0.04425;0.04262;0.04273;3778800000000
20240811;0.04272;0.04344;0.04259;0.04283;1512500000000
20240812;0.04284;0.04408;0.04276;0.04352;2592200000000
20240813;0.04352;0.04613;0.043;0.04586;5496800000000
20240814;0.04587;0.04588;0.04416;0.0446;3448400000000
20240815;0.04461;0.04536;0.0444;0.04536;3124700000000
20240816;0.04535;0.04557;0.04398;0.04465;3167900000000
20240817;0.04466;0.0449;0.04382;0.04403;2907300000000
20240818;0.04404;0.04406;0.04382;0.04394;829700000000
20240819;0.04395;0.04476;0.04368;0.04469;1597800000000
20240820;0.0447;0.04509;0.04398;0.04435;2213800000000
20240821;0.04435;0.04439;0.04329;0.0436;2986400000000
20240822;0.0436;0.04385;0.04292;0.04301;2275300000000
20240823;0.04302;0.04346;0.04295;0.04344;1366300000000
20240824;0.04344;0.04404;0.04291;0.04313;3410200000000
20240825;0.04313;0.04382;0.04288;0.04315;2362100000000
20240826;0.04316;0.04331;0.04266;0.04276;1761500000000
20240827;0.04276;0.043;0.04226;0.04266;1371800000000
20240828;0.04267;0.04277;0.0404;0.04135;3699000000000
20240829;0.04136;0.04296;0.04105;0.04283;3582300000000
20240830;0.04282;0.04289;0.04223;0.04258;1970000000000
20240831;0.04259;0.04289;0.04197;0.04273;2515200000000
20240901;0.04272;0.04277;0.04235;0.04262;723700000000
20240902;0.04262;0.04288;0.04189;0.04234;2155200000000
20240903;0.04235;0.0434;0.04231;0.04291;2188300000000
20240904;0.04291;0.04294;0.04204;0.04218;1503700000000
20240905;0.04219;0.04274;0.04128;0.04226;3151600000000
20240906;0.04226;0.04245;0.04181;0.04216;1702000000000
20240907;0.04217;0.04258;0.04085;0.04123;4614600000000
20240908;0.04124;0.04227;0.04123;0.04199;2038600000000
20240909;0.04198;0.04229;0.04175;0.04186;1891900000000
20240910;0.04187;0.04214;0.04087;0.04136;2566200000000
20240911;0.04137;0.0415;0.04096;0.04144;2001700000000
20240912;0.04143;0.04144;0.04054;0.04083;3079200000000
20240913;0.04082;0.04094;0.04019;0.04063;2638500000000
20240914;0.04063;0.04082;0.04024;0.04032;2564000000000
20240915;0.04033;0.04054;0.04003;0.04031;1294500000000
20240916;0.04031;0.04035;0.03893;0.03918;2110900000000
20240917;0.03917;0.03974;0.0387;0.03943;3626000000000
20240918;0.03944;0.03947;0.03871;0.03884;2448800000000
20240919;0.03883;0.03884;0.03833;0.03845;3557200000000
20240920;0.03845;0.03931;0.03833;0.03916;3819700000000
20240921;0.03916;0.04071;0.03887;0.04053;3140300000000
20240922;0.04053;0.04129;0.04026;0.04125;1181900000000
20240923;0.04125;0.0415;0.04044;0.0406;2298900000000
20240924;0.04059;0.04243;0.04055;0.04178;3107000000000
20240925;0.04179;0.04188;0.04111;0.04129;2152900000000
20240926;0.04129;0.04131;0.04052;0.04085;1754600000000
20240927;0.04086;0.04126;0.04032;0.04039;2277600000000
20240928;0.04039;0.04119;0.0403;0.04097;2368900000000
20240929;0.04097;0.04102;0.04048;0.04062;1020000000000
20240930;0.04062;0.04071;0.04025;0.04051;1020800000000
20241001;0.04051;0.04126;0.0403;0.04109;2521200000000
20241002;0.04108;0.0415;0.03971;0.04025;3683600000000
20241003;0.04026;0.04047;0.03891;0.03899;2257700000000
20241004;0.03899;0.03913;0.03841;0.03867;2337200000000
20241005;0.03867;0.03936;0.03859;0.03889;1707100000000
20241006;0.03889;0.03904;0.03869;0.0389;916400000000
20241007;0.03891;0.03917;0.03874;0.03884;918700000000
20241008;0.03884;0.03943;0.03851;0.03893;2788900000000
20241009;0.03893;0.03941;0.03874;0.03927;1595700000000
20241010;0.03927;0.03969;0.03894;0.0391;2100000000000
20241011;0.0391;0.03987;0.03906;0.03955;2581200000000
20241012;0.03955;0.03985;0.03881;0.03901;2087500000000
20241013;0.03901;0.03933;0.03884;0.03919;1488800000000
20241014;0.03918;0.03936;0.03909;0.03926;1067000000000
20241015;0.03927;0.04006;0.03903;0.0398;3593600000000
20241016;0.0398;0.04005;0.03853;0.03888;3141300000000
20241017;0.03887;0.03906;0.0384;0.03862;2382500000000
20241018;0.03862;0.03919;0.03861;0.03864;1693100000000
20241019;0.03864;0.039;0.03844;0.03861;2389600000000
20241020;0.0386;0.03885;0.03856;0.03873;965200000000
20241021;0.03873;0.03985;0.03867;0.03979;2589400000000
20241022;0.0398;0.03987;0.03945;0.03958;1826000000000
20241023;0.03958;0.0397;0.03888;0.03889;1939300000000
20241024;0.03889;0.03907;0.0375;0.03786;2959700000000
20241025;0.03786;0.03799;0.0371;0.03719;2256300000000
20241026;0.03718;0.03751;0.03623;0.0366;3519100000000
20241027;0.03659;0.03722;0.03648;0.037;1739100000000
20241028;0.037;0.03702;0.03668;0.03687;1202800000000
20241029;0.03687;0.03708;0.0359;0.0367;2672800000000
20241030;0.0367;0.03708;0.03608;0.03628;3040200000000
20241031;0.03627;0.03779;0.0361;0.03675;4051000000000
20241101;0.03675;0.03692;0.03567;0.03583;3519800000000
20241102;0.03583;0.0364;0.03581;0.03614;2337900000000
20241103;0.03614;0.03618;0.03557;0.03595;1140800000000
20241104;0.03596;0.03605;0.03556;0.03573;1848200000000
20241105;0.03574;0.03599;0.03524;0.03535;2552600000000
20241106;0.03535;0.03555;0.03482;0.03492;2984400000000
20241107;0.03492;0.03621;0.03465;0.03601;9071400000000
20241108;0.03601;0.03827;0.03591;0.03817;8258000000000
20241109;0.03817;0.03884;0.0381;0.03871;4626300000000
20241110;0.03872;0.04114;0.03866;0.04078;5925100000000
20241111;0.04077;0.04091;0.03907;0.03962;9297500000000
20241112;0.03961;0.03974;0.03751;0.03803;8634300000000
20241113;0.03803;0.03863;0.03659;0.03688;9752900000000
20241114;0.03689;0.03725;0.03497;0.03527;7930100000000
20241115;0.03526;0.03598;0.03462;0.03504;5282200000000
20241116;0.03503;0.03506;0.03358;0.03394;4370400000000
20241117;0.03393;0.03531;0.03379;0.03459;4794600000000
20241118;0.03459;0.03482;0.03394;0.03423;3169000000000
20241119;0.03423;0.03562;0.03379;0.03546;4192700000000
20241120;0.03547;0.03563;0.03328;0.03367;7508300000000
20241121;0.03366;0.03387;0.03234;0.03255;4213500000000
20241122;0.03256;0.03464;0.03187;0.03414;13745900000000
20241123;0.03414;0.03465;0.03292;0.03364;6819300000000
20241124;0.03365;0.03546;0.0336;0.03476;8353100000000
20241125;0.03476;0.03504;0.034;0.03432;3089200000000
20241126;0.03432;0.03692;0.03403;0.03671;10184600000000
20241127;0.03671;0.03673;0.03524;0.03616;4977700000000
20241128;0.03616;0.0384;0.0359;0.03811;8036900000000
20241129;0.03812;0.03817;0.03715;0.03742;4339000000000
20241130;0.03741;0.0375;0.03661;0.03686;2956500000000
20241201;0.03686;0.03871;0.03685;0.03841;4502700000000
20241202;0.03842;0.03871;0.03772;0.03814;4192600000000
20241203;0.03814;0.0386;0.0375;0.03802;5924100000000
20241204;0.03802;0.03817;0.0372;0.0377;5887700000000
20241205;0.0377;0.04013;0.0377;0.03893;10529100000000
20241206;0.03893;0.04032;0.03701;0.03904;12549500000000
20241207;0.03905;0.04076;0.03902;0.04009;8446300000000
20241208;0.04009;0.04034;0.03979;0.04003;2118700000000
20241209;0.04003;0.04012;0.03954;0.0396;2041600000000
20241210;0.0396;0.0399;0.03702;0.03815;7297300000000
20241211;0.03816;0.03859;0.03699;0.03756;6090500000000
20241212;0.03756;0.03799;0.037;0.0379;2898700000000
20241213;0.03789;0.03936;0.03778;0.03881;4549300000000
20241214;0.03882;0.03954;0.03841;0.03852;3199700000000
20241215;0.03853;0.03872;0.03797;0.03817;2048900000000
20241216;0.03817;0.0382;0.03746;0.0379;2454300000000
20241217;0.03791;0.03832;0.03695;0.03759;4527400000000
20241218;0.03759;0.03782;0.03641;0.03668;3222700000000
20241219;0.03667;0.0373;0.03607;0.0362;4124000000000
20241220;0.03619;0.03727;0.03473;0.03506;6709400000000
20241221;0.03505;0.03594;0.03337;0.03549;8228400000000
20241222;0.03549;0.03592;0.03407;0.03432;3085700000000
20241223;0.03432;0.03501;0.03412;0.03448;2127100000000
20241224;0.03448;0.03672;0.03429;0.03608;3321400000000
20241225;0.03607;0.03631;0.03523;0.0354;2978000000000
20241226;0.03541;0.03578;0.03494;0.03517;1400800000000
20241227;0.03517;0.0354;0.03462;0.03482;1553000000000
20241228;0.03482;0.03557;0.03477;0.03535;1969700000000
20241229;0.03535;0.03584;0.03525;0.03572;844300000000
20241230;0.03573;0.03595;0.03553;0.0358;1237100000000
20241231;0.0358;0.03659;0.03579;0.03623;2525400000000
20250101;0.03623;0.03628;0.03558;0.03567;1807600000000
20250102;0.03567;0.03579;0.03538;0.03553;977600000000
20250103;0.03553;0.03604;0.0354;0.03562;1794500000000
20250104;0.03563;0.03681;0.03558;0.03676;2229900000000
20250105;0.03676;0.03731;0.03656;0.03723;1486400000000
20250106;0.03723;0.03735;0.0369;0.03696;902900000000
20250107;0.03697;0.03719;0.03593;0.03606;1874200000000
20250108;0.03607;0.03628;0.03481;0.03488;3586100000000
20250109;0.03488;0.03537;0.03456;0.03499;2632900000000
20250110;0.035;0.03563;0.03452;0.03479;2422500000000
20250111;0.03479;0.03492;0.03441;0.03449;1527500000000
20250112;0.03449;0.03499;0.03423;0.03471;849100000000
20250113;0.0347;0.03478;0.03436;0.03456;564700000000
20250114;0.03456;0.03483;0.03257;0.03318;4525200000000
20250115;0.03319;0.03363;0.03304;0.03341;2262300000000
20250116;0.0334;0.03458;0.033;0.03433;2793500000000
20250117;0.03434;0.03436;0.03289;0.03309;2349100000000
20250118;0.03309;0.03368;0.03242;0.03337;2795700000000
20250119;0.03338;0.03343;0.03129;0.03165;4483600000000
20250120;0.03165;0.03284;0.02996;0.03173;11374000000000
20250121;0.03173;0.03255;0.03083;0.03211;8379700000000
20250122;0.03212;0.03214;0.03103;0.03135;3378600000000
20250123;0.03134;0.03175;0.03106;0.03128;1733800000000
20250124;0.03127;0.03216;0.03054;0.03213;4252000000000
20250125;0.03213;0.03248;0.03154;0.03157;2946900000000
20250126;0.03157;0.03197;0.03132;0.03168;1168700000000
20250127;0.03169;0.03192;0.03142;0.03151;1251400000000
20250128;0.0315;0.03166;0.03063;0.03117;3861700000000
20250129;0.03118;0.03137;0.03028;0.03037;2555100000000
20250130;0.03037;0.03077;0.03;0.03002;2595300000000
20250131;0.03002;0.03118;0.02993;0.03101;2980600000000
20250201;0.03101;0.03269;0.03091;0.03222;4715100000000
20250202;0.03222;0.03247;0.03093;0.03098;2276000000000
20250203;0.03097;0.0313;0.0286;0.02938;5399000000000
20250204;0.02938;0.02949;0.02337;0.02843;25927100000000
20250205;0.02842;0.02862;0.027;0.02794;7199000000000
20250206;0.02794;0.02892;0.02767;0.02887;5581900000000
20250207;0.02886;0.02911;0.02761;0.02783;4643800000000
20250208;0.02782;0.02833;0.02679;0.02717;3813100000000
20250209;0.02717;0.02755;0.02705;0.0273;3378500000000
20250210;0.0273;0.02776;0.02659;0.02724;3177700000000
20250211;0.02724;0.02762;0.02679;0.02732;2458700000000
20250212;0.02732;0.02781;0.02685;0.02717;2489600000000
20250213;0.02718;0.02855;0.02696;0.02798;3556900000000
20250214;0.02798;0.02819;0.02737;0.0277;2064500000000
20250215;0.0277;0.02833;0.02759;0.02795;1466700000000
20250216;0.02796;0.028;0.02734;0.0276;1197200000000
20250217;0.0276;0.02791;0.0275;0.02768;822600000000
20250218;0.02769;0.02941;0.02752;0.02865;3904700000000
20250219;0.02865;0.0287;0.02765;0.02793;2389400000000
20250220;0.02793;0.02846;0.02792;0.0281;1318600000000
20250221;0.02811;0.02836;0.02775;0.02785;1565200000000
20250222;0.02785;0.02865;0.02728;0.02769;5625300000000
20250223;0.02769;0.02894;0.02762;0.02863;4815000000000
20250224;0.02863;0.02968;0.02846;0.02929;4650800000000
20250225;0.02929;0.02944;0.02678;0.02747;6432300000000
20250226;0.02747;0.02837;0.02605;0.02814;7350800000000
20250227;0.02814;0.0282;0.02697;0.02773;5932200000000
20250228;0.02774;0.02782;0.02678;0.02724;5413400000000
20250301;0.02724;0.02733;0.0262;0.02652;8508300000000
20250302;0.02653;0.02668;0.0254;0.02576;5733600000000
20250303;0.02577;0.02739;0.02528;0.02672;14658900000000
20250304;0.02671;0.02674;0.02449;0.02493;8379400000000
20250305;0.02493;0.0254;0.02428;0.02488;6442000000000
20250306;0.02488;0.02548;0.02438;0.02473;3485500000000
20250307;0.02474;0.0252;0.0244;0.02449;2439400000000
20250308;0.02449;0.02499;0.02435;0.02467;4087600000000
20250309;0.02467;0.02601;0.02462;0.02556;2267400000000
20250310;0.02556;0.02559;0.02424;0.02502;3342000000000
20250311;0.02503;0.02596;0.02336;0.02373;8230700000000
20250312;0.02374;0.02396;0.0229;0.02319;6628900000000
20250313;0.02319;0.02363;0.02262;0.02281;5496700000000
20250314;0.02281;0.02315;0.0224;0.02299;2426700000000
20250315;0.02299;0.02315;0.02261;0.02276;1694800000000
20250316;0.02276;0.02316;0.02259;0.02297;1614100000000
20250317;0.02297;0.02304;0.02252;0.02286;3225300000000
20250318;0.02285;0.02315;0.02272;0.02293;2726100000000
20250319;0.02293;0.0234;0.02283;0.02336;1462300000000
20250320;0.02336;0.02427;0.02321;0.02368;4864400000000
20250321;0.02368;0.0237;0.02312;0.02356;2226900000000
20250322;0.02355;0.02362;0.02315;0.02338;1525200000000
20250323;0.02337;0.02381;0.02337;0.02363;1103800000000
20250324;0.02362;0.02395;0.02323;0.02331;1349100000000
20250325;0.02331;0.02406;0.02313;0.02379;2308900000000
20250326;0.02379;0.02395;0.02346;0.02364;1556000000000
20250327;0.02364;0.02368;0.02297;0.02312;1446800000000
20250328;0.02312;0.02328;0.02294;0.02296;1143100000000
20250329;0.02296;0.0231;0.02192;0.02247;4230200000000
20250330;0.02247;0.02267;0.02198;0.02212;1928200000000
20250331;0.02212;0.02219;0.02168;0.02194;2932300000000
20250401;0.02195;0.02224;0.02183;0.02207;2136500000000
20250402;0.02208;0.02261;0.02202;0.02237;3677800000000
20250403;0.02237;0.02238;0.0216;0.02175;4315100000000
20250404;0.02175;0.02204;0.02136;0.02185;2204000000000
20250405;0.02185;0.02188;0.02145;0.02166;1737100000000
20250406;0.02166;0.02178;0.02131;0.02162;1067700000000
20250407;0.02162;0.02172;0.0198;0.02016;5196200000000
20250408;0.02015;0.0204;0.01894;0.01961;11962900000000
20250409;0.01961;0.02002;0.01882;0.0193;2845500000000
20250410;0.0193;0.02029;0.01855;0.02021;9568300000000
20250411;0.0202;0.02021;0.01876;0.01913;4556300000000
20250412;0.01913;0.01937;0.01864;0.01878;2376700000000
20250413;0.01878;0.01965;0.01859;0.01928;2741000000000
20250414;0.01928;0.01941;0.01876;0.01907;2807300000000
20250415;0.01907;0.01992;0.01902;0.01919;3123500000000
20250416;0.01919;0.01927;0.01887;0.019;2822000000000
20250417;0.01899;0.01914;0.01844;0.01877;2431800000000
20250418;0.01877;0.01901;0.0186;0.01864;1727900000000
20250419;0.01865;0.01891;0.0186;0.01881;967300000000
20250420;0.01881;0.01915;0.01871;0.01896;1171200000000
20250421;0.01897;0.01898;0.01859;0.01863;1140700000000
20250422;0.01863;0.01893;0.018;0.01805;2301900000000
20250423;0.01805;0.01907;0.01766;0.01881;7002800000000
20250424;0.0188;0.0195;0.01873;0.01917;4344800000000
20250425;0.01916;0.01926;0.01876;0.01884;2019200000000
20250426;0.01883;0.01915;0.01869;0.01886;2993700000000
20250427;0.01885;0.01943;0.01885;0.01924;2141100000000
20250428;0.01925;0.01951;0.01903;0.01911;1632100000000
20250429;0.01911;0.01916;0.01866;0.01894;2213400000000
20250430;0.01894;0.01939;0.01889;0.01907;1800100000000
20250501;0.01908;0.01917;0.01863;0.01905;1807100000000
20250502;0.01904;0.01931;0.019;0.01905;2384200000000
20250503;0.01906;0.01914;0.01881;0.01901;1398300000000
20250504;0.01901;0.01918;0.01885;0.01913;897200000000
20250505;0.01913;0.01926;0.01909;0.01918;996900000000
20250506;0.01918;0.01936;0.01901;0.01921;1661800000000
20250507;0.01921;0.01922;0.01867;0.01876;2113800000000
20250508;0.01877;0.01905;0.01854;0.01867;1524200000000
20250509;0.01866;0.02155;0.01861;0.02137;7628000000000
20250510;0.02138;0.024;0.02121;0.02278;13259500000000
20250511;0.02277;0.02498;0.02254;0.02467;5746900000000
20250512;0.02464;0.02484;0.02345;0.02415;5673000000000
20250513;0.02415;0.02485;0.0239;0.02428;4380600000000
20250514;0.02428;0.02608;0.02375;0.02574;4447000000000
20250515;0.02573;0.02618;0.02481;0.02521;4668400000000
20250516;0.02521;0.02548;0.02437;0.02456;3539800000000
20250517;0.02456;0.02549;0.02447;0.02452;2369500000000
20250518;0.02452;0.02453;0.02383;0.024;2576400000000
20250519;0.024;0.02448;0.02247;0.02346;4012400000000
20250520;0.02346;0.02413;0.02285;0.02394;4152900000000
20250521;0.02394;0.02433;0.02318;0.02363;2900400000000
20250522;0.02362;0.02423;0.02304;0.02327;4277400000000
20250523;0.02327;0.02434;0.02322;0.02385;3499000000000
20250524;0.02386;0.02455;0.02323;0.02355;4552700000000
20250525;0.02354;0.0237;0.02321;0.02348;912800000000
20250526;0.02348;0.02353;0.02303;0.02341;1582800000000
20250527;0.02341;0.02358;0.02319;0.02343;1066100000000
20250528;0.02343;0.02457;0.02327;0.02444;3005300000000
20250529;0.02443;0.02491;0.02406;0.02489;2161100000000
20250530;0.02488;0.02581;0.02449;0.02493;4413700000000
20250531;0.02493;0.02504;0.02419;0.02434;3435200000000
20250601;0.02433;0.02451;0.02394;0.02416;1895100000000
20250602;0.02416;0.02421;0.02379;0.02403;1162800000000
20250603;0.02403;0.0247;0.02364;0.02462;2166600000000
20250604;0.02462;0.02494;0.02446;0.0246;3409900000000
20250605;0.0246;0.02541;0.02457;0.0249;4124400000000
20250606;0.0249;0.02507;0.02376;0.02378;5079500000000
20250607;0.02378;0.02411;0.02358;0.02375;2833000000000
20250608;0.02375;0.02401;0.02363;0.02391;1253700000000
20250609;0.02392;0.02395;0.02365;0.02374;1134000000000
20250610;0.02374;0.02444;0.02347;0.0243;2802500000000
20250611;0.02431;0.02569;0.0243;0.02554;5552700000000
20250612;0.02554;0.02623;0.02521;0.02551;5695500000000
20250613;0.02551;0.02574;0.02475;0.02502;3110500000000
20250614;0.02501;0.02503;0.02366;0.02431;4912600000000
20250615;0.02432;0.02432;0.02384;0.024;1024200000000
20250616;0.024;0.02421;0.0238;0.02413;980200000000
20250617;0.02413;0.02472;0.02369;0.02382;4092700000000
20250618;0.02382;0.02433;0.0237;0.024;2676400000000
20250619;0.024;0.02419;0.02375;0.02407;2245900000000
20250620;0.02407;0.02423;0.02391;0.02409;1448900000000
20250621;0.02409;0.02419;0.02313;0.02329;2582200000000
20250622;0.02329;0.02356;0.02193;0.02248;3465400000000
20250623;0.02248;0.02257;0.02139;0.02206;5891700000000
20250624;0.02206;0.02307;0.02194;0.02289;4585400000000
20250625;0.0229;0.02339;0.02271;0.02309;3061900000000
20250626;0.02308;0.02316;0.02225;0.02253;1923900000000
20250627;0.02253;0.02343;0.02241;0.02258;1741300000000
20250628;0.02258;0.023;0.02236;0.02263;1040100000000
20250629;0.02264;0.02277;0.02252;0.02271;552100000000
20250630;0.0227;0.02332;0.0225;0.02307;1030300000000
20250701;0.02308;0.02344;0.02277;0.0232;1454500000000
20250702;0.0232;0.02326;0.02265;0.02276;1148100000000
20250703;0.02275;0.02393;0.02259;0.02362;2297200000000
20250704;0.02362;0.02395;0.0235;0.02364;1729600000000
20250705;0.02364;0.0237;0.02305;0.02322;1290100000000
20250706;0.02323;0.02337;0.02305;0.02326;457500000000
20250707;0.02325;0.02378;0.02322;0.02354;931200000000
20250708;0.02354;0.02373;0.02327;0.02348;1066100000000
20250709;0.02348;0.02409;0.02343;0.02401;1144700000000
20250710;0.02401;0.02499;0.0239;0.02489;3317500000000
20250711;0.02489;0.02577;0.02459;0.02544;4669700000000
20250712;0.02544;0.02562;0.02493;0.02516;3996000000000
20250713;0.02516;0.02525;0.02482;0.02506;1464100000000
20250714;0.02506;0.02531;0.02481;0.02495;1336900000000
20250715;0.02496;0.0253;0.02469;0.02516;3587400000000
20250716;0.02515;0.0267;0.02495;0.02666;5181500000000
20250717;0.02665;0.02872;0.0264;0.02843;7875200000000
20250718;0.02842;0.02947;0.02813;0.02917;5845700000000
20250719;0.02917;0.03081;0.02905;0.03007;7024300000000
20250720;0.03008;0.03053;0.02981;0.03049;1299300000000
20250721;0.03048;0.03221;0.03041;0.03203;8342100000000
20250722;0.03203;0.0325;0.03163;0.03205;7072600000000
20250723;0.03206;0.03223;0.03069;0.03123;6027000000000
20250724;0.03123;0.0316;0.03004;0.03055;4953700000000
20250725;0.03055;0.03161;0.02995;0.03132;4641600000000
20250726;0.03133;0.03222;0.03097;0.03167;5195100000000
20250727;0.03167;0.03213;0.03146;0.03173;1843100000000
20250728;0.03173;0.03249;0.03166;0.03243;2788300000000
20250729;0.03243;0.03302;0.03196;0.03216;3647000000000
20250730;0.03217;0.03268;0.03176;0.03217;2794000000000
20250731;0.03217;0.03241;0.03176;0.03233;2523100000000
20250801;0.03234;0.03269;0.03186;0.03194;2131500000000
20250802;0.03194;0.03213;0.0304;0.03079;4567300000000
20250803;0.03079;0.03102;0.03;0.03014;2437300000000
20250804;0.03015;0.03077;0.02997;0.03063;1471500000000
20250805;0.03062;0.03241;0.03059;0.03233;2475300000000
20250806;0.03233;0.03234;0.03129;0.03165;3534700000000
20250807;0.03165;0.03205;0.03138;0.03203;1558800000000
20250808;0.03203;0.03338;0.0319;0.03328;3112600000000
20250809;0.03328;0.03495;0.03315;0.03436;4601100000000
20250810;0.03437;0.03705;0.03434;0.03659;5385300000000
20250811;0.03659;0.0371;0.03516;0.03563;4550200000000
20250812;0.03562;0.03627;0.03467;0.03559;5267000000000
20250813;0.03558;0.03855;0.03556;0.03821;8981200000000
20250814;0.03821;0.03925;0.03812;0.03851;7396400000000
20250815;0.03851;0.03946;0.0377;0.03844;8716200000000
20250816;0.03844;0.03919;0.03739;0.03784;4656400000000
20250817;0.03783;0.0381;0.03727;0.03767;2302600000000
20250818;0.03767;0.03866;0.03746;0.0381;2961700000000
20250819;0.03809;0.03814;0.03679;0.03711;3659900000000
20250820;0.03711;0.03744;0.03609;0.03611;2956100000000
20250821;0.03611;0.03824;0.03607;0.03795;3168800000000
20250822;0.03794;0.03802;0.03749;0.03756;1718500000000
20250823;0.03755;0.0418;0.03753;0.04132;6917800000000
20250824;0.04131;0.04161;0.04036;0.0414;3447300000000
20250825;0.0414;0.04327;0.04117;0.04211;5453300000000
20250826;0.04212;0.0423;0.03958;0.03975;6423300000000
20250827;0.03975;0.04145;0.03961;0.04116;3893700000000
20250828;0.04116;0.04163;0.04035;0.04051;4596100000000
20250829;0.04051;0.04088;0.0396;0.04008;3400800000000
20250830;0.04008;0.04041;0.03928;0.04024;3310800000000
20250831;0.04023;0.04069;0.03962;0.04019;1645500000000
20250901;0.04019;0.0415;0.04018;0.04058;1841200000000
20250902;0.04057;0.04097;0.03918;0.03949;2665500000000
20250903;0.03949;0.03999;0.03851;0.0389;2293400000000
20250904;0.03889;0.03998;0.0386;0.03984;3489700000000
20250905;0.03983;0.03998;0.03881;0.03881;1975400000000
20250906;0.03881;0.03972;0.03858;0.03893;2086300000000
20250907;0.03892;0.03906;0.03852;0.03878;654200000000
20250908;0.03879;0.03892;0.0385;0.03874;598100000000
20250909;0.03874;0.0389;0.03822;0.03844;1704000000000
20250910;0.03842;0.03901;0.03841;0.03865;925600000000
20250911;0.03864;0.03927;0.038;0.03816;1894600000000
20250912;0.03816;0.03914;0.03807;0.03862;1738000000000
20250913;0.03861;0.04081;0.03852;0.04062;2700400000000
20250914;0.04062;0.0411;0.03998;0.04026;1607200000000
20250915;0.04027;0.04044;0.0397;0.03994;1967600000000
20250916;0.03994;0.04028;0.03893;0.03922;1599000000000
20250917;0.03922;0.03934;0.0384;0.03854;1689900000000
20250918;0.03854;0.03949;0.03821;0.03942;2550600000000
20250919;0.03943;0.03972;0.03895;0.03919;1408100000000
20250920;0.03918;0.03937;0.03842;0.03864;901100000000
20250921;0.03864;0.03884;0.03851;0.03872;413100000000
20250922;0.03872;0.03893;0.03851;0.03858;498700000000
20250923;0.03857;0.03863;0.0363;0.03727;4893600000000
20250924;0.03728;0.03739;0.03691;0.03718;1417200000000
20250925;0.03718;0.03733;0.03647;0.03665;1247700000000
20250926;0.03665;0.03667;0.03516;0.03554;3633600000000
20250927;0.03555;0.03691;0.03552;0.03678;2026500000000
20250928;0.03677;0.03688;0.03639;0.03664;699300000000
20250929;0.03665;0.03695;0.03632;0.03693;826600000000
20250930;0.03693;0.03705;0.03636;0.03686;2905700000000
20251001;0.03687;0.03698;0.03614;0.03635;2258800000000
20251002;0.03634;0.03712;0.03608;0.03666;2036700000000
20251003;0.03666;0.03742;0.03656;0.0372;1694600000000
20251004;0.0372;0.03785;0.0366;0.03691;1967800000000
20251005;0.03692;0.03695;0.03649;0.03666;1396600000000
20251006;0.03667;0.03705;0.03643;0.03656;1623400000000
20251007;0.03656;0.03775;0.03643;0.03757;1792800000000
20251008;0.03758;0.03812;0.03655;0.03666;2869500000000
20251009;0.03666;0.03682;0.03629;0.03669;1403600000000
20251010;0.0367;0.03677;0.03544;0.0359;2191700000000
20251011;0.03591;0.03613;0.03194;0.03395;12255300000000
20251012;0.03395;0.03459;0.03322;0.03385;5199500000000
20251013;0.03386;0.03641;0.03369;0.03612;5085500000000
20251014;0.03611;0.03707;0.03558;0.03682;2810400000000
20251015;0.03682;0.03694;0.0353;0.0365;3776800000000
20251016;0.03649;0.03714;0.03554;0.03599;2367900000000
20251017;0.03599;0.037;0.03558;0.03599;2186900000000
20251018;0.03599;0.03621;0.03528;0.036;2756800000000
20251019;0.036;0.03661;0.03591;0.03629;901600000000
20251020;0.03628;0.03692;0.036;0.03666;2230100000000
20251021;0.03666;0.03672;0.03556;0.03599;1425100000000
20251022;0.03599;0.03614;0.03537;0.03575;2099500000000
20251023;0.03575;0.03582;0.03476;0.03537;2392300000000
20251024;0.03537;0.03561;0.0349;0.03503;1555500000000
20251025;0.03504;0.03591;0.03492;0.03544;1938400000000
20251026;0.03544;0.03551;0.03522;0.03541;844300000000
20251027;0.03541;0.03644;0.03513;0.0363;2245900000000
20251028;0.03631;0.03698;0.03588;0.03611;3278400000000
20251029;0.03611;0.03619;0.03505;0.03526;1821700000000
20251030;0.03525;0.03591;0.03509;0.03547;2026300000000
20251031;0.03547;0.03588;0.03457;0.03512;2067300000000
20251101;0.03512;0.03546;0.03486;0.03511;1433900000000
20251102;0.03511;0.03538;0.035;0.03519;611600000000
20251103;0.03519;0.03538;0.03483;0.03534;888800000000
20251104;0.03534;0.03537;0.03352;0.03381;3407600000000
20251105;0.03381;0.03425;0.0309;0.03238;6870000000000
20251106;0.03238;0.03335;0.03196;0.03296;2943500000000
20251107;0.03296;0.03322;0.03222;0.0327;1904900000000
20251108;0.03271;0.03353;0.03201;0.03324;2175200000000
20251109;0.03325;0.03393;0.03301;0.03324;2027800000000
20251110;0.03325;0.03438;0.0331;0.03422;1607000000000
20251111;0.03422;0.03442;0.03344;0.03366;1885600000000
20251112;0.03365;0.03417;0.03312;0.03316;1723100000000
20251113;0.03316;0.03412;0.03315;0.03358;1622000000000
20251114;0.03359;0.03435;0.03214;0.03242;3086200000000
20251115;0.03242;0.0336;0.03212;0.03291;3588100000000
20251116;0.0329;0.03355;0.03276;0.03314;1012200000000
20251117;0.03313;0.03365;0.03224;0.03285;2461600000000
20251118;0.03284;0.0336;0.03236;0.03286;3584500000000
20251119;0.03287;0.03388;0.0326;0.0336;3278100000000
20251120;0.0336;0.03393;0.03232;0.03304;3303500000000
20251121;0.03304;0.03312;0.03234;0.03271;4174000000000
20251122;0.03272;0.03304;0.03213;0.0325;11029400000000
20251123;0.0325;0.03285;0.03235;0.03269;1516800000000
20251124;0.03269;0.03289;0.03217;0.03227;2546700000000
20251125;0.03228;0.03361;0.03209;0.03345;4660500000000
20251126;0.03345;0.03398;0.03299;0.03388;3003700000000
20251127;0.03388;0.03389;0.0333;0.03345;2674500000000
20251128;0.03345;0.03364;0.03286;0.03301;2685300000000
20251129;0.03301;0.03356;0.03292;0.03335;2996000000000
20251130;0.03335;0.03349;0.03281;0.03293;1350800000000
20251201;0.03292;0.03327;0.03288;0.0331;1004900000000
20251202;0.0331;0.03328;0.03217;0.03244;6349600000000
20251203;0.03243;0.03324;0.03218;0.03283;4142800000000
20251204;0.03282;0.03417;0.0326;0.03413;4857200000000
20251205;0.03413;0.0346;0.03372;0.03402;2997400000000
20251206;0.03403;0.03453;0.0336;0.03382;2907300000000
20251207;0.03383;0.03411;0.03375;0.03405;890700000000
20251208;0.03404;0.03441;0.03308;0.03386;3035100000000
20251209;0.03386;0.03467;0.03381;0.03447;2636800000000
20251210;0.03447;0.036;0.03439;0.03581;2792200000000
20251211;0.03581;0.03687;0.03572;0.03612;3612800000000
20251212;0.03612;0.03615;0.03486;0.03499;3166000000000
20251213;0.03499;0.03524;0.0339;0.03417;2720300000000
20251214;0.03417;0.03462;0.03413;0.03451;940900000000
20251215;0.03452;0.03493;0.03436;0.03474;1491100000000
20251216;0.03473;0.0353;0.03399;0.0343;3706500000000
20251217;0.0343;0.03446;0.03345;0.03372;2760100000000
20251218;0.03372;0.03391;0.0327;0.03286;2813800000000
20251219;0.03286;0.0336;0.03264;0.03307;3541300000000
20251220;0.03308;0.0341;0.033;0.0338;2234900000000
20251221;0.03381;0.03391;0.03357;0.0337;781300000000
20251222;0.0337;0.03395;0.03357;0.03387;701600000000
20251223;0.03387;0.0342;0.03369;0.03397;1493200000000
20251224;0.03396;0.03414;0.03336;0.03388;1324800000000
20251225;0.03389;0.03393;0.03338;0.03362;640900000000
20251226;0.03362;0.03365;0.03324;0.03329;804500000000
20251227;0.03328;0.03364;0.03326;0.03351;879300000000
20251228;0.03352;0.03366;0.03335;0.03356;286400000000
20251229;0.03356;0.03363;0.03342;0.03356;401100000000
20251230;0.03356;0.03388;0.03335;0.03369;1906700000000
20251231;0.03368;0.03413;0.03347;0.0336;1238100000000
20260101;0.03359;0.03405;0.03353;0.0339;1038300000000
20260102;0.0339;0.03402;0.03376;0.03381;453100000000
20260103;0.03382;0.03481;0.0338;0.03473;1540200000000
20260104;0.03474;0.03477;0.03438;0.0345;726000000000
20260105;0.03451;0.03461;0.03424;0.03435;1060700000000
20260106;0.03436;0.03452;0.03382;0.03436;1489100000000
20260107;0.03437;0.03525;0.03423;0.03516;1983700000000
20260108;0.03517;0.03524;0.03442;0.03468;1652300000000
20260109;0.03468;0.03481;0.0341;0.03411;1607900000000
20260110;0.0341;0.03437;0.03393;0.03407;1676700000000
20260111;0.03406;0.03419;0.03401;0.0341;341700000000
20260112;0.03409;0.03449;0.03408;0.03432;568400000000
20260113;0.03432;0.0344;0.03384;0.03391;1787100000000
20260114;0.03391;0.03505;0.03388;0.03485;2786600000000
20260115;0.03485;0.03515;0.03442;0.03461;2300100000000
20260116;0.03461;0.03489;0.03413;0.03472;1890000000000
20260117;0.03472;0.03474;0.03443;0.03449;1152700000000
20260118;0.0345;0.03488;0.03445;0.03479;1595300000000
20260119;0.03479;0.03529;0.03474;0.03505;1685300000000
20260120;0.03505;0.03508;0.03432;0.03442;1798300000000
20260121;0.03442;0.03462;0.03292;0.03325;3203400000000
20260122;0.03324;0.03395;0.03275;0.03333;2590200000000
20260123;0.03333;0.03365;0.03276;0.03297;1199100000000
20260124;0.03296;0.03315;0.03263;0.03299;1287900000000
20260125;0.03299;0.03318;0.03295;0.03309;374600000000
20260126;0.03309;0.03326;0.0323;0.03251;1465200000000
20260127;0.0325;0.03336;0.03244;0.03317;2019300000000
20260128;0.03316;0.03394;0.03302;0.03391;2149200000000
20260129;0.03392;0.03394;0.03341;0.03371;1374100000000
20260130;0.03372;0.03382;0.03285;0.03333;2980900000000
20260131;0.03334;0.03354;0.03187;0.03213;4133700000000
20260201;0.03213;0.03223;0.02966;0.03114;8260200000000
20260202;0.03114;0.03122;0.02925;0.02949;4674600000000
20260203;0.0295;0.03023;0.02875;0.0298;4771100000000
20260204;0.0298;0.0306;0.02871;0.02948;5506000000000
20260205;0.02948;0.02995;0.02855;0.02935;5726300000000
20260206;0.02935;0.02988;0.02885;0.02904;12799300000000
20260207;0.02903;0.0298;0.02877;0.02924;10126800000000
20260208;0.02924;0.03033;0.02912;0.03013;16562400000000
20260209;0.03013;0.03025;0.02951;0.02971;6215700000000
20260210;0.02971;0.03029;0.02925;0.03002;2499300000000
20260211;0.03001;0.03013;0.02896;0.02937;2713900000000
20260212;0.02937;0.0295;0.0288;0.02895;2694200000000
20260213;0.02894;0.02945;0.02876;0.0294;2066900000000
20260214;0.02939;0.02994;0.02913;0.02976;2378000000000
20260215;0.02976;0.02994;0.02964;0.0299;1667700000000
20260216;0.02989;0.02993;0.02827;0.02857;13760100000000
20260217;0.02857;0.02922;0.02857;0.02902;2124500000000
20260218;0.02901;0.0296;0.02891;0.02951;2192500000000
20260219;0.0295;0.02977;0.0292;0.02942;1804700000000
20260220;0.02942;0.02957;0.02888;0.0291;1497100000000
20260221;0.02909;0.02917;0.02877;0.02894;2387600000000
20260222;0.02894;0.02912;0.0289;0.02902;799100000000
20260223;0.02902;0.02907;0.02877;0.02895;705700000000
20260224;0.02894;0.02914;0.02856;0.02872;3376700000000
20260225;0.02871;0.02902;0.02855;0.02892;2472700000000
20260226;0.02891;0.03069;0.02883;0.03026;4575500000000
20260227;0.03026;0.03045;0.02967;0.03004;3397900000000
20260228;0.03004;0.03033;0.02903;0.02929;2961300000000
20260301;0.0293;0.02946;0.02906;0.02933;2998500000000
20260302;0.02934;0.03018;0.02927;0.0295;4698600000000
20260303;0.02949;0.0298;0.02925;0.02946;4390100000000
20260304;0.02945;0.02951;0.02887;0.02902;3067900000000
20260305;0.02902;0.02972;0.02879;0.02928;5414200000000
20260306;0.02928;0.02942;0.02904;0.02925;2710800000000
20260307;0.02925;0.02941;0.02877;0.02904;2233400000000
20260308;0.02904;0.02929;0.02895;0.02928;1025700000000
20260309;0.02928;0.02939;0.0288;0.02936;2240500000000
20260310;0.02935;0.02969;0.02908;0.02914;3338400000000
20260311;0.02913;0.0293;0.02897;0.02911;2116800000000
20260312;0.02912;0.02943;0.02888;0.02923;1823600000000
20260313;0.02923;0.02967;0.02912;0.02941;2185500000000
20260314;0.0294;0.03002;0.02923;0.02949;3770200000000
20260315;0.02949;0.02958;0.02927;0.02945;753100000000
20260316;0.02944;0.03015;0.02923;0.02991;1774800000000
20260317;0.02992;0.03186;0.02988;0.03142;5203900000000
20260318;0.03142;0.03166;0.03103;0.03135;2166900000000
20260319;0.03135;0.03149;0.03049;0.03093;2052100000000
20260320;0.03093;0.0312;0.03035;0.03057;1824700000000
20260321;0.03057;0.03063;0.03022;0.03044;1492100000000
20260322;0.03043;0.03064;0.03018;0.03026;751400000000
20260323;0.03025;0.03061;0.03;0.03027;1652900000000
20260324;0.03026;0.03083;0.02984;0.03035;4052900000000
20260325;0.03035;0.03069;0.03023;0.03057;979400000000
20260326;0.03056;0.03068;0.03039;0.03041;1273700000000
20260327;0.0304;0.03043;0.02973;0.02994;1905100000000
20260328;0.02994;0.03024;0.02979;0.03001;1812000000000
20260329;0.03001;0.0305;0.02998;0.03005;741300000000
20260330;0.03005;0.03014;0.02982;0.03006;1083900000000
20260331;0.03006;0.0307;0.03006;0.03034;1616000000000
20260401;0.03034;0.03112;0.03029;0.03084;2559000000000
20260402;0.03084;0.03162;0.0308;0.03143;1682700000000
20260403;0.03142;0.03151;0.0306;0.03074;1933800000000
20260404;0.03074;0.03095;0.03061;0.03067;719400000000
20260405;0.03067;0.03086;0.03049;0.03069;343800000000
20260406;0.03069;0.03074;0.03032;0.03056;825500000000
20260407;0.03057;0.03109;0.0305;0.0306;1689700000000
20260408;0.03061;0.03132;0.03038;0.03114;2258100000000
20260409;0.03115;0.03149;0.03074;0.03081;1695500000000
20260410;0.0308;0.03087;0.03049;0.03051;1490600000000
20260411;0.0305;0.03088;0.03037;0.03077;1666800000000
20260412;0.03077;0.03158;0.03068;0.03129;1326500000000
20260413;0.03128;0.03132;0.03075;0.03097;1436100000000
20260414;0.03097;0.03202;0.03068;0.03184;2267600000000
20260415;0.03184;0.03205;0.03114;0.03132;2401400000000
20260416;0.03132;0.03177;0.03124;0.03155;1109100000000
20260417;0.03155;0.03158;0.0311;0.03125;1378000000000
20260418;0.03125;0.03158;0.03104;0.03139;2097600000000
20260419;0.03138;0.0314;0.0309;0.03104;960300000000
20260420;0.03104;0.03108;0.03047;0.03066;1021200000000
20260421;0.03066;0.03087;0.03047;0.03052;1118500000000
20260422;0.03051;0.03075;0.03029;0.03048;2062200000000
20260423;0.03048;0.03087;0.03029;0.03038;2830400000000
20260424;0.03037;0.03037;0.02964;0.02979;1517500000000
20260425;0.02978;0.02996;0.02964;0.0299;1861300000000
20260426;0.0299;0.02993;0.02977;0.02988;790700000000
20260427;0.02987;0.03029;0.0298;0.03013;669500000000
20260428;0.03012;0.03029;0.02958;0.02977;1019900000000
20260429;0.02977;0.0302;0.02965;0.02999;829300000000
20260430;0.02998;0.03024;0.02952;0.02973;1383600000000
20260501;0.02973;0.02982;0.02952;0.02957;518600000000
20260502;0.02957;0.02965;0.02929;0.02935;726200000000
20260503;0.02934;0.0296;0.02932;0.02945;304200000000
20260504;0.02944;0.02966;0.02941;0.02956;444900000000
20260505;0.02956;0.02981;0.02933;0.0294;1512000000000
20260506;0.02939;0.02948;0.02904;0.02918;722500000000
20260507;0.02918;0.02948;0.02877;0.02887;949100000000
20260508;0.02886;0.02891;0.0286;0.02864;677900000000
20260509;0.02864;0.02896;0.02848;0.02877;1160600000000
20260510;0.02877;0.02889;0.02867;0.02884;634300000000
20260511;0.02884;0.02909;0.02871;0.02884;907300000000
20260512;0.02884;0.02896;0.02851;0.02863;865600000000
20260513;0.02862;0.02863;0.02813;0.02826;874800000000
20260514;0.02826;0.02864;0.02825;0.02849;841400000000
20260515;0.02848;0.0285;0.02813;0.02816;674300000000
20260516;0.02815;0.02819;0.02786;0.02812;841400000000
20260517;0.02812;0.02819;0.02777;0.02791;448000000000
20260518;0.02791;0.02804;0.02727;0.02752;639500000000
20260519;0.02751;0.02776;0.02728;0.02767;1044200000000
20260520;0.02766;0.02779;0.02744;0.02749;558700000000
20260521;0.02748;0.02767;0.02743;0.02747;358200000000
20260522;0.02746;0.02765;0.02729;0.02749;502900000000
20260523;0.02749;0.02764;0.02719;0.02735;487100000000
20260524;0.02734;0.02782;0.02704;0.02759;1345500000000
20260525;0.0276;0.02765;0.0271;0.02725;806500000000
20260526;0.02724;0.02752;0.02717;0.02732;556200000000
20260527;0.02732;0.02757;0.02709;0.02731;814900000000
20260528;0.02731;0.02756;0.0271;0.0272;671300000000
20260529;0.0272;0.02752;0.02677;0.02729;1102900000000
20260530;0.02729;0.02759;0.02722;0.02742;745800000000
20260531;0.02741;0.02751;0.02735;0.02738;592700000000
20260601;0.02737;0.02747;0.02715;0.02723;1314000000000
20260602;0.02723;0.02812;0.02712;0.02809;1136500000000
20260603;0.02809;0.02872;0.02776;0.02786;2484900000000
20260604;0.02786;0.02833;0.02734;0.02828;2105000000000
20260605;0.02827;0.02837;0.02768;0.02772;1917800000000
20260606;0.02771;0.02778;0.02577;0.02594;4345700000000
20260607;0.02593;0.02606;0.02525;0.02578;1607400000000
20260608;0.02578;0.02683;0.02573;0.02669;1281600000000
20260609;0.02669;0.02696;0.02622;0.02679;771700000000
20260610;0.02679;0.02687;0.02644;0.02657;862300000000
20260611;0.02656;0.02674;0.02622;0.02636;953400000000
20260612;0.02636;0.02662;0.02613;0.02631;657500000000
20260613;0.0263;0.02639;0.02609;0.02622;676400000000
20260614;0.02621;0.0263;0.02606;0.02608;984500000000
20260615;0.02608;0.02644;0.02589;0.02625;1362700000000
20260616;0.02625;0.0275;0.0261;0.02708;2085300000000
20260617;0.02708;0.02754;0.02663;0.02729;1085400000000
20260618;0.0273;0.02737;0.02687;0.02713;626700000000
20260619;0.02713;0.0273;0.02676;0.02717;1111400000000
20260620;0.02718;0.02725;0.02692;0.02693;412000000000
20260621;0.02693;0.02722;0.02687;0.02707;374400000000
20260622;0.02707;0.02708;0.02678;0.02696;333300000000
20260623;0.02697;0.0274;0.02684;0.027;830400000000
20260624;0.02699;0.02704;0.02632;0.02658;604100000000
20260625;0.02657;0.02702;0.02624;0.02655;911300000000
20260626;0.02656;0.02685;0.02619;0.02621;1347400000000
20260627;0.02621;0.02642;0.02583;0.02627;982200000000
20260628;0.02626;0.02644;0.02611;0.02621;403300000000
20260629;0.02621;0.02643;0.02612;0.02638;844800000000
20260630;0.02638;0.027;0.02617;0.02677;1051900000000
20260701;0.02677;0.02695;0.02652;0.02681;684300000000
20260702;0.02681;0.02703;0.02675;0.02681;741900000000
20260703;0.02682;0.02777;0.02674;0.02762;1497200000000
20260704;0.02763;0.02822;0.02763;0.0281;1522600000000
20260705;0.02809;0.02859;0.02794;0.0282;876200000000
20260706;0.0282;0.02844;0.02801;0.02806;588600000000
20260707;0.02806;0.02837;0.02802;0.02809;719300000000
20260708;0.0281;0.02822;0.02792;0.02795;428800000000
20260709;0.02796;0.02812;0.02779;0.028;398200000000
20260710;0.028;0.02804;0.02759;0.02761;827200000000
20260711;0.0276;0.02811;0.02758;0.028;564800000000
20260712;0.028;0.02842;0.02793;0.02802;463100000000
20260713;0.02801;0.02843;0.02793;0.02832;545300000000
20260714;0.02833;0.0287;0.02823;0.0285;836700000000
20260715;0.0285;0.02941;0.02844;0.02909;1544100000000
20260716;0.02909;0.02974;0.02889;0.02961;1547100000000
20260717;0.02961;0.02981;0.02906;0.02921;811800000000
20260718;0.0292;0.02923;0.02869;0.02881;793400000000
20260719;0.02881;0.0289;0.02868;0.02873;271900000000
20260720;0.02873;0.02909;0.02869;0.02893;324500000000
20260721;0.02892;0.0292;0.02888;0.02919;573600000000
20260722;0.02919;0.02944;0.02889;0.029;808800000000
20260723;0.02901;0.02956;0.02899;0.02926;548100000000
20260724;0.02925;0.0294;0.02883;0.02886;528400000000
20260725;0.02885;0.0291;0.0287;0.02902;598800000000
20260726;0.02902;0.02905;0.02898;0.02899;128800000000
